po_id,order_date,location,sku_id,supplier_id,quantity,unit_price,spend,maverick_flag_source
PO00001,2025-01-01,University Dining A,SKU003,S003,22,5.83,128.26,0
PO00002,2025-01-01,University Dining A,SKU009,S003,159,2.68,426.12,0
PO00003,2025-01-01,Stadium Location D,SKU009,S003,32,2.79,89.28,0
PO00004,2025-01-01,Remote Campus E,SKU007,S001,25,5.42,135.5,1
PO00005,2025-01-01,Remote Campus E,SKU002,S002,171,7.93,1356.03,0
PO00006,2025-01-01,University Dining A,SKU001,S002,66,9.79,646.14,0
PO00007,2025-01-01,Stadium Location D,SKU009,S003,84,2.78,233.52,0
PO00008,2025-01-01,Corporate HQ C,SKU003,S003,156,4.45,694.2,0
PO00009,2025-01-01,University Dining A,SKU009,S003,56,3.0,168.0,0
PO00010,2025-01-01,Corporate HQ C,SKU010,S001,58,2.59,150.22,0
PO00011,2025-01-01,Remote Campus E,SKU002,S002,26,8.04,209.04,0
PO00012,2025-01-01,Stadium Location D,SKU001,S002,146,9.65,1408.9,0
PO00013,2025-01-01,Corporate HQ C,SKU006,S006,126,2.03,255.78,0
PO00014,2025-01-02,Hospital Cafe B,SKU004,S004,188,13.12,2466.56,0
PO00015,2025-01-02,Stadium Location D,SKU002,S002,144,8.29,1193.76,0
PO00016,2025-01-02,Remote Campus E,SKU006,S006,83,1.74,144.42,0
PO00017,2025-01-02,Hospital Cafe B,SKU002,S002,117,8.81,1030.77,0
PO00018,2025-01-02,Stadium Location D,SKU006,S006,135,1.98,267.3,0
PO00019,2025-01-02,Corporate HQ C,SKU001,S002,212,13.67,2898.04,0
PO00020,2025-01-02,Stadium Location D,SKU006,S006,162,1.72,278.64,0
PO00021,2025-01-02,University Dining A,SKU010,S001,27,2.79,75.33,0
PO00022,2025-01-02,Corporate HQ C,SKU005,S006,25,2.19,54.75,0
PO00023,2025-01-02,Stadium Location D,SKU011,S007,184,4.4,809.6,0
PO00024,2025-01-02,University Dining A,SKU005,S006,98,2.5,245.0,0
PO00025,2025-01-02,University Dining A,SKU008,S005,166,3.18,527.88,0
PO00026,2025-01-03,Stadium Location D,SKU001,S008,73,13.13,958.49,1
PO00027,2025-01-03,Stadium Location D,SKU007,S005,52,3.19,165.88,0
PO00028,2025-01-03,Stadium Location D,SKU007,S005,219,2.71,593.49,0
PO00029,2025-01-03,Corporate HQ C,SKU009,S003,116,3.01,349.16,0
PO00030,2025-01-03,Hospital Cafe B,SKU011,S007,69,4.39,302.91,0
PO00031,2025-01-03,Hospital Cafe B,SKU002,S002,69,7.96,549.24,0
PO00032,2025-01-03,Corporate HQ C,SKU001,S002,77,10.6,816.2,0
PO00033,2025-01-03,Hospital Cafe B,SKU001,S008,91,14.99,1364.09,1
PO00034,2025-01-03,University Dining A,SKU012,S007,168,6.01,1009.68,0
PO00035,2025-01-03,Remote Campus E,SKU008,S005,209,2.68,560.12,0
PO00036,2025-01-03,Stadium Location D,SKU007,S005,133,3.13,416.29,0
PO00037,2025-01-03,Corporate HQ C,SKU001,S008,38,14.68,557.84,1
PO00038,2025-01-03,Remote Campus E,SKU010,S001,48,3.18,152.64,0
PO00039,2025-01-03,University Dining A,SKU002,S002,167,9.6,1603.2,0
PO00040,2025-01-03,Stadium Location D,SKU002,S002,167,8.23,1374.41,0
PO00041,2025-01-04,Remote Campus E,SKU011,S007,98,4.83,473.34,0
PO00042,2025-01-04,Stadium Location D,SKU006,S006,39,1.93,75.27,0
PO00043,2025-01-04,University Dining A,SKU008,S005,89,3.33,296.37,0
PO00044,2025-01-04,Corporate HQ C,SKU003,S003,97,4.85,470.45,0
PO00045,2025-01-04,Remote Campus E,SKU008,S005,51,2.77,141.27,0
PO00046,2025-01-04,University Dining A,SKU001,S008,149,12.88,1919.12,1
PO00047,2025-01-04,University Dining A,SKU009,S003,174,2.86,497.64,0
PO00048,2025-01-04,Corporate HQ C,SKU012,S007,142,6.77,961.34,0
PO00049,2025-01-04,Remote Campus E,SKU003,S003,67,5.26,352.42,0
PO00050,2025-01-04,Hospital Cafe B,SKU009,S003,94,2.67,250.98,0
PO00051,2025-01-05,Stadium Location D,SKU004,S004,219,15.38,3368.22,0
PO00052,2025-01-05,Remote Campus E,SKU012,S007,61,5.87,358.07,0
PO00053,2025-01-05,University Dining A,SKU008,S005,17,3.22,54.74,0
PO00054,2025-01-05,Corporate HQ C,SKU005,S006,164,2.21,362.44,0
PO00055,2025-01-05,Corporate HQ C,SKU008,S005,195,3.16,616.2,0
PO00056,2025-01-05,Hospital Cafe B,SKU006,S006,36,1.91,68.76,0
PO00057,2025-01-05,Stadium Location D,SKU008,S005,62,2.84,176.08,0
PO00058,2025-01-05,University Dining A,SKU010,S001,166,2.57,426.62,0
PO00059,2025-01-05,University Dining A,SKU008,S005,98,3.17,310.66,0
PO00060,2025-01-05,Hospital Cafe B,SKU011,S007,109,4.95,539.55,0
PO00061,2025-01-05,Corporate HQ C,SKU008,S005,121,3.1,375.1,0
PO00062,2025-01-05,Stadium Location D,SKU002,S002,194,7.2,1396.8,0
PO00063,2025-01-05,Hospital Cafe B,SKU008,S005,31,3.17,98.27,0
PO00064,2025-01-05,Hospital Cafe B,SKU003,S003,17,5.83,99.11,0
PO00065,2025-01-05,Hospital Cafe B,SKU010,S001,216,2.4,518.4,0
PO00066,2025-01-05,Corporate HQ C,SKU010,S001,131,2.3,301.3,0
PO00067,2025-01-05,University Dining A,SKU003,S003,43,4.67,200.81,0
PO00068,2025-01-06,Hospital Cafe B,SKU012,S007,144,5.3,763.2,0
PO00069,2025-01-06,University Dining A,SKU007,S005,64,3.22,206.08,0
PO00070,2025-01-06,Corporate HQ C,SKU005,S001,93,3.64,338.52,1
PO00071,2025-01-06,University Dining A,SKU009,S003,43,3.1,133.3,0
PO00072,2025-01-06,Remote Campus E,SKU012,S007,127,5.64,716.28,0
PO00073,2025-01-06,Hospital Cafe B,SKU009,S003,138,2.8,386.4,0
PO00074,2025-01-06,University Dining A,SKU009,S003,140,3.09,432.6,0
PO00075,2025-01-06,University Dining A,SKU008,S005,165,3.57,589.05,0
PO00076,2025-01-07,University Dining A,SKU003,S003,168,5.06,850.08,0
PO00077,2025-01-07,Remote Campus E,SKU009,S003,145,4.02,582.9,0
PO00078,2025-01-07,Remote Campus E,SKU008,S005,37,3.38,125.06,0
PO00079,2025-01-07,Remote Campus E,SKU001,S008,35,13.92,487.2,1
PO00080,2025-01-07,University Dining A,SKU008,S005,204,2.75,561.0,0
PO00081,2025-01-07,Remote Campus E,SKU008,S005,139,3.36,467.04,0
PO00082,2025-01-07,Stadium Location D,SKU009,S003,80,2.97,237.6,0
PO00083,2025-01-07,Remote Campus E,SKU009,S003,132,2.87,378.84,0
PO00084,2025-01-07,Remote Campus E,SKU004,S004,76,12.43,944.68,0
PO00085,2025-01-07,Stadium Location D,SKU004,S004,45,13.19,593.55,0
PO00086,2025-01-08,Hospital Cafe B,SKU007,S005,28,4.01,112.28,0
PO00087,2025-01-08,Hospital Cafe B,SKU011,S007,41,4.43,181.63,0
PO00088,2025-01-08,Hospital Cafe B,SKU012,S007,103,6.35,654.05,0
PO00089,2025-01-08,University Dining A,SKU005,S006,66,2.42,159.72,0
PO00090,2025-01-08,Hospital Cafe B,SKU007,S005,180,3.47,624.6,0
PO00091,2025-01-08,Stadium Location D,SKU003,S003,141,5.37,757.17,0
PO00092,2025-01-08,Corporate HQ C,SKU006,S006,101,2.06,208.06,0
PO00093,2025-01-08,Corporate HQ C,SKU002,S002,14,8.44,118.16,0
PO00094,2025-01-08,University Dining A,SKU009,S003,190,2.76,524.4,0
PO00095,2025-01-09,Remote Campus E,SKU006,S006,85,1.85,157.25,0
PO00096,2025-01-09,Hospital Cafe B,SKU002,S002,211,8.41,1774.51,0
PO00097,2025-01-09,University Dining A,SKU002,S002,79,9.93,784.47,0
PO00098,2025-01-09,Stadium Location D,SKU003,S003,43,5.5,236.5,0
PO00099,2025-01-09,Stadium Location D,SKU011,S007,76,4.41,335.16,0
PO00100,2025-01-09,Remote Campus E,SKU003,S003,141,4.96,699.36,0
PO00101,2025-01-09,Corporate HQ C,SKU008,S005,32,2.98,95.36,0
PO00102,2025-01-09,Corporate HQ C,SKU001,S002,28,10.07,281.96,0
PO00103,2025-01-09,Remote Campus E,SKU001,S002,31,10.08,312.48,0
PO00104,2025-01-09,University Dining A,SKU004,S004,126,18.38,2315.88,0
PO00105,2025-01-09,Corporate HQ C,SKU006,S006,116,2.03,235.48,0
PO00106,2025-01-09,Hospital Cafe B,SKU010,S001,144,2.36,339.84,0
PO00107,2025-01-09,University Dining A,SKU002,S002,77,9.38,722.26,0
PO00108,2025-01-09,Corporate HQ C,SKU003,S003,89,5.21,463.69,0
PO00109,2025-01-10,Hospital Cafe B,SKU004,S004,138,15.18,2094.84,0
PO00110,2025-01-10,University Dining A,SKU005,S006,13,2.66,34.58,0
PO00111,2025-01-10,Remote Campus E,SKU012,S007,58,5.64,327.12,0
PO00112,2025-01-10,University Dining A,SKU008,S005,124,3.27,405.48,0
PO00113,2025-01-10,Stadium Location D,SKU011,S007,120,4.9,588.0,0
PO00114,2025-01-10,Remote Campus E,SKU009,S003,110,2.9,319.0,0
PO00115,2025-01-10,Hospital Cafe B,SKU005,S006,97,1.96,190.12,0
PO00116,2025-01-10,Stadium Location D,SKU012,S007,45,5.85,263.25,0
PO00117,2025-01-10,University Dining A,SKU006,S006,43,1.96,84.28,0
PO00118,2025-01-10,Stadium Location D,SKU002,S002,75,8.16,612.0,0
PO00119,2025-01-10,Remote Campus E,SKU003,S003,107,7.02,751.14,0
PO00120,2025-01-10,Hospital Cafe B,SKU011,S007,163,5.15,839.45,0
PO00121,2025-01-10,Hospital Cafe B,SKU012,S007,127,5.59,709.93,0
PO00122,2025-01-10,Corporate HQ C,SKU003,S003,10,4.81,48.1,0
PO00123,2025-01-10,Corporate HQ C,SKU006,S006,150,2.05,307.5,0
PO00124,2025-01-10,Corporate HQ C,SKU004,S004,65,20.11,1307.15,0
PO00125,2025-01-11,Remote Campus E,SKU001,S002,81,9.73,788.13,0
PO00126,2025-01-11,University Dining A,SKU011,S007,139,4.81,668.59,0
PO00127,2025-01-11,Hospital Cafe B,SKU002,S002,32,8.77,280.64,0
PO00128,2025-01-11,Corporate HQ C,SKU007,S005,86,3.39,291.54,0
PO00129,2025-01-11,Remote Campus E,SKU011,S007,159,4.87,774.33,0
PO00130,2025-01-11,Remote Campus E,SKU003,S003,193,5.26,1015.18,0
PO00131,2025-01-11,Hospital Cafe B,SKU007,S005,136,3.14,427.04,0
PO00132,2025-01-11,Remote Campus E,SKU005,S006,21,2.1,44.1,0
PO00133,2025-01-11,Remote Campus E,SKU011,S007,189,4.35,822.15,0
PO00134,2025-01-11,Remote Campus E,SKU003,S003,202,5.23,1056.46,0
PO00135,2025-01-12,Hospital Cafe B,SKU001,S002,192,8.97,1722.24,0
PO00136,2025-01-12,University Dining A,SKU002,S002,102,9.12,930.24,0
PO00137,2025-01-12,University Dining A,SKU007,S005,170,3.32,564.4,0
PO00138,2025-01-12,Stadium Location D,SKU011,S007,72,4.06,292.32,0
PO00139,2025-01-12,Remote Campus E,SKU005,S001,138,3.46,477.48,1
PO00140,2025-01-12,Stadium Location D,SKU002,S002,26,8.69,225.94,0
PO00141,2025-01-12,Hospital Cafe B,SKU005,S006,70,2.04,142.8,0
PO00142,2025-01-12,Stadium Location D,SKU004,S004,127,13.91,1766.57,0
PO00143,2025-01-12,Hospital Cafe B,SKU007,S001,167,5.44,908.48,1
PO00144,2025-01-12,Corporate HQ C,SKU002,S002,94,7.71,724.74,0
PO00145,2025-01-12,Remote Campus E,SKU011,S007,87,4.09,355.83,0
PO00146,2025-01-12,University Dining A,SKU010,S001,133,2.37,315.21,0
PO00147,2025-01-12,University Dining A,SKU008,S005,182,3.13,569.66,0
PO00148,2025-01-12,Corporate HQ C,SKU012,S007,135,5.4,729.0,0
PO00149,2025-01-12,Stadium Location D,SKU012,S007,128,5.64,721.92,0
PO00150,2025-01-12,Hospital Cafe B,SKU008,S005,150,2.81,421.5,0
PO00151,2025-01-12,Corporate HQ C,SKU005,S006,14,2.17,30.38,0
PO00152,2025-01-13,Corporate HQ C,SKU002,S002,125,7.27,908.75,0
PO00153,2025-01-13,Hospital Cafe B,SKU007,S001,33,4.58,151.14,1
PO00154,2025-01-13,Hospital Cafe B,SKU012,S007,102,6.08,620.16,0
PO00155,2025-01-13,Corporate HQ C,SKU010,S001,140,2.68,375.2,0
PO00156,2025-01-13,Stadium Location D,SKU002,S002,69,9.57,660.33,0
PO00157,2025-01-13,University Dining A,SKU008,S005,50,2.81,140.5,0
PO00158,2025-01-13,Corporate HQ C,SKU008,S005,113,3.38,381.94,0
PO00159,2025-01-13,Stadium Location D,SKU012,S007,98,6.31,618.38,0
PO00160,2025-01-13,University Dining A,SKU006,S006,94,2.11,198.34,0
PO00161,2025-01-13,University Dining A,SKU006,S006,111,1.82,202.02,0
PO00162,2025-01-13,Corporate HQ C,SKU004,S004,199,13.82,2750.18,0
PO00163,2025-01-13,University Dining A,SKU005,S006,160,2.48,396.8,0
PO00164,2025-01-13,Corporate HQ C,SKU006,S006,203,1.73,351.19,0
PO00165,2025-01-13,Hospital Cafe B,SKU001,S002,172,14.18,2438.96,0
PO00166,2025-01-13,Remote Campus E,SKU004,S004,121,14.55,1760.55,0
PO00167,2025-01-14,Stadium Location D,SKU004,S004,210,12.67,2660.7,0
PO00168,2025-01-14,Remote Campus E,SKU001,S002,151,10.23,1544.73,0
PO00169,2025-01-14,Stadium Location D,SKU004,S004,22,12.28,270.16,0
PO00170,2025-01-14,Corporate HQ C,SKU008,S005,45,2.99,134.55,0
PO00171,2025-01-14,Hospital Cafe B,SKU008,S005,42,4.61,193.62,0
PO00172,2025-01-14,Corporate HQ C,SKU008,S005,82,3.24,265.68,0
PO00173,2025-01-14,Stadium Location D,SKU005,S006,76,2.15,163.4,0
PO00174,2025-01-14,Remote Campus E,SKU011,S007,133,4.87,647.71,0
PO00175,2025-01-14,Hospital Cafe B,SKU011,S007,52,4.2,218.4,0
PO00176,2025-01-14,Stadium Location D,SKU002,S002,217,8.36,1814.12,0
PO00177,2025-01-14,Stadium Location D,SKU009,S003,95,2.99,284.05,0
PO00178,2025-01-14,Corporate HQ C,SKU007,S001,54,5.04,272.16,1
PO00179,2025-01-14,Corporate HQ C,SKU009,S003,71,2.49,176.79,0
PO00180,2025-01-15,Stadium Location D,SKU010,S001,15,2.6,39.0,0
PO00181,2025-01-15,Corporate HQ C,SKU007,S005,106,3.17,336.02,0
PO00182,2025-01-15,Corporate HQ C,SKU006,S006,137,2.02,276.74,0
PO00183,2025-01-15,Remote Campus E,SKU010,S001,42,2.53,106.26,0
PO00184,2025-01-15,University Dining A,SKU009,S003,65,3.04,197.6,0
PO00185,2025-01-15,Stadium Location D,SKU005,S006,175,2.18,381.5,0
PO00186,2025-01-15,Hospital Cafe B,SKU007,S005,15,2.82,42.3,0
PO00187,2025-01-15,Stadium Location D,SKU001,S002,215,8.74,1879.1,0
PO00188,2025-01-15,Stadium Location D,SKU010,S001,28,2.61,73.08,0
PO00189,2025-01-15,Hospital Cafe B,SKU009,S003,124,2.73,338.52,0
PO00190,2025-01-15,Remote Campus E,SKU002,S002,48,9.19,441.12,0
PO00191,2025-01-15,Stadium Location D,SKU011,S007,194,4.63,898.22,0
PO00192,2025-01-16,Hospital Cafe B,SKU009,S003,10,2.62,26.2,0
PO00193,2025-01-16,Corporate HQ C,SKU004,S004,19,14.52,275.88,0
PO00194,2025-01-16,Stadium Location D,SKU003,S003,145,4.83,700.35,0
PO00195,2025-01-16,University Dining A,SKU012,S007,35,4.85,169.75,0
PO00196,2025-01-16,Corporate HQ C,SKU005,S006,109,2.51,273.59,0
PO00197,2025-01-16,University Dining A,SKU004,S004,10,11.4,114.0,0
PO00198,2025-01-16,Corporate HQ C,SKU009,S003,127,2.92,370.84,0
PO00199,2025-01-16,Stadium Location D,SKU006,S006,72,2.1,151.2,0
PO00200,2025-01-16,University Dining A,SKU009,S003,73,2.81,205.13,0
PO00201,2025-01-17,University Dining A,SKU012,S007,24,5.01,120.24,0
PO00202,2025-01-17,Stadium Location D,SKU004,S004,182,14.45,2629.9,0
PO00203,2025-01-17,Stadium Location D,SKU002,S002,180,7.5,1350.0,0
PO00204,2025-01-17,Corporate HQ C,SKU006,S006,18,1.75,31.5,0
PO00205,2025-01-17,Stadium Location D,SKU012,S007,184,5.61,1032.24,0
PO00206,2025-01-17,University Dining A,SKU004,S004,139,17.96,2496.44,0
PO00207,2025-01-17,Corporate HQ C,SKU004,S004,61,13.7,835.7,0
PO00208,2025-01-17,Corporate HQ C,SKU004,S004,66,14.23,939.18,0
PO00209,2025-01-17,Stadium Location D,SKU005,S001,67,3.64,243.88,1
PO00210,2025-01-17,University Dining A,SKU007,S005,110,4.53,498.3,0
PO00211,2025-01-17,University Dining A,SKU004,S004,116,17.41,2019.56,0
PO00212,2025-01-17,Corporate HQ C,SKU012,S007,192,7.45,1430.4,0
PO00213,2025-01-17,Hospital Cafe B,SKU012,S007,30,6.03,180.9,0
PO00214,2025-01-17,Remote Campus E,SKU006,S006,177,1.91,338.07,0
PO00215,2025-01-18,Corporate HQ C,SKU001,S002,105,10.15,1065.75,0
PO00216,2025-01-18,University Dining A,SKU008,S005,10,3.05,30.5,0
PO00217,2025-01-18,Remote Campus E,SKU005,S001,41,3.94,161.54,1
PO00218,2025-01-18,Corporate HQ C,SKU004,S004,206,13.43,2766.58,0
PO00219,2025-01-18,Stadium Location D,SKU007,S001,148,4.75,703.0,1
PO00220,2025-01-18,Stadium Location D,SKU004,S004,198,14.01,2773.98,0
PO00221,2025-01-18,Stadium Location D,SKU001,S002,170,9.92,1686.4,0
PO00222,2025-01-18,University Dining A,SKU001,S002,215,11.11,2388.65,0
PO00223,2025-01-18,Corporate HQ C,SKU005,S001,96,3.96,380.16,1
PO00224,2025-01-18,Corporate HQ C,SKU005,S006,21,2.12,44.52,0
PO00225,2025-01-18,Corporate HQ C,SKU012,S007,91,5.3,482.3,0
PO00226,2025-01-18,University Dining A,SKU005,S001,69,3.17,218.73,1
PO00227,2025-01-18,Stadium Location D,SKU008,S005,129,3.36,433.44,0
PO00228,2025-01-18,Stadium Location D,SKU005,S006,43,2.04,87.72,0
PO00229,2025-01-18,Hospital Cafe B,SKU003,S003,87,7.75,674.25,0
PO00230,2025-01-19,Stadium Location D,SKU004,S004,91,14.14,1286.74,0
PO00231,2025-01-19,University Dining A,SKU006,S006,162,1.94,314.28,0
PO00232,2025-01-19,Hospital Cafe B,SKU009,S003,202,2.67,539.34,0
PO00233,2025-01-19,University Dining A,SKU004,S004,176,14.4,2534.4,0
PO00234,2025-01-19,Hospital Cafe B,SKU008,S005,93,3.22,299.46,0
PO00235,2025-01-19,Remote Campus E,SKU007,S005,77,3.4,261.8,0
PO00236,2025-01-19,Stadium Location D,SKU002,S002,117,9.21,1077.57,0
PO00237,2025-01-19,Hospital Cafe B,SKU012,S007,54,6.28,339.12,0
PO00238,2025-01-19,Hospital Cafe B,SKU003,S003,168,5.01,841.68,0
PO00239,2025-01-19,University Dining A,SKU012,S007,208,5.53,1150.24,0
PO00240,2025-01-19,Corporate HQ C,SKU005,S006,105,2.21,232.05,0
PO00241,2025-01-19,Hospital Cafe B,SKU012,S007,122,5.71,696.62,0
PO00242,2025-01-19,Corporate HQ C,SKU003,S003,49,4.39,215.11,0
PO00243,2025-01-19,Stadium Location D,SKU010,S001,26,2.72,70.72,0
PO00244,2025-01-19,University Dining A,SKU005,S006,69,2.17,149.73,0
PO00245,2025-01-19,University Dining A,SKU011,S007,19,4.79,91.01,0
PO00246,2025-01-19,Corporate HQ C,SKU001,S002,124,8.89,1102.36,0
PO00247,2025-01-20,Hospital Cafe B,SKU005,S001,159,3.6,572.4,1
PO00248,2025-01-20,Stadium Location D,SKU002,S002,55,8.06,443.3,0
PO00249,2025-01-20,University Dining A,SKU010,S001,209,2.45,512.05,0
PO00250,2025-01-20,Remote Campus E,SKU002,S002,191,7.53,1438.23,0
PO00251,2025-01-20,Corporate HQ C,SKU006,S006,104,1.93,200.72,0
PO00252,2025-01-20,Remote Campus E,SKU003,S003,19,7.81,148.39,0
PO00253,2025-01-20,University Dining A,SKU012,S007,62,5.68,352.16,0
PO00254,2025-01-20,Hospital Cafe B,SKU006,S006,105,2.02,212.1,0
PO00255,2025-01-21,Stadium Location D,SKU005,S001,150,3.92,588.0,1
PO00256,2025-01-21,Stadium Location D,SKU002,S002,213,9.09,1936.17,0
PO00257,2025-01-21,Remote Campus E,SKU011,S007,173,4.37,756.01,0
PO00258,2025-01-21,Corporate HQ C,SKU002,S002,111,7.79,864.69,0
PO00259,2025-01-21,University Dining A,SKU007,S005,116,3.29,381.64,0
PO00260,2025-01-21,Stadium Location D,SKU005,S006,116,2.27,263.32,0
PO00261,2025-01-21,Hospital Cafe B,SKU001,S002,103,10.73,1105.19,0
PO00262,2025-01-21,Stadium Location D,SKU007,S005,11,3.5,38.5,0
PO00263,2025-01-21,University Dining A,SKU003,S003,220,4.44,976.8,0
PO00264,2025-01-21,Hospital Cafe B,SKU007,S005,207,3.39,701.73,0
PO00265,2025-01-21,Stadium Location D,SKU003,S003,174,7.65,1331.1,0
PO00266,2025-01-21,Remote Campus E,SKU002,S002,104,8.49,882.96,0
PO00267,2025-01-21,Hospital Cafe B,SKU003,S003,82,4.94,405.08,0
PO00268,2025-01-21,University Dining A,SKU009,S003,27,2.85,76.95,0
PO00269,2025-01-21,Hospital Cafe B,SKU007,S005,216,3.17,684.72,0
PO00270,2025-01-21,Corporate HQ C,SKU005,S001,133,4.22,561.26,1
PO00271,2025-01-21,Remote Campus E,SKU001,S002,32,9.78,312.96,0
PO00272,2025-01-22,Remote Campus E,SKU011,S007,66,5.02,331.32,0
PO00273,2025-01-22,Hospital Cafe B,SKU007,S005,131,3.42,448.02,0
PO00274,2025-01-22,Remote Campus E,SKU010,S001,112,2.33,260.96,0
PO00275,2025-01-22,Hospital Cafe B,SKU003,S003,41,5.39,220.99,0
PO00276,2025-01-22,Hospital Cafe B,SKU004,S004,218,14.36,3130.48,0
PO00277,2025-01-22,University Dining A,SKU001,S002,182,9.35,1701.7,0
PO00278,2025-01-22,Stadium Location D,SKU011,S007,40,4.38,175.2,0
PO00279,2025-01-22,Corporate HQ C,SKU010,S001,170,2.03,345.1,0
PO00280,2025-01-22,Hospital Cafe B,SKU011,S007,159,4.85,771.15,0
PO00281,2025-01-22,Stadium Location D,SKU007,S005,138,3.15,434.7,0
PO00282,2025-01-23,Remote Campus E,SKU001,S008,124,13.94,1728.56,1
PO00283,2025-01-23,Stadium Location D,SKU008,S005,217,2.75,596.75,0
PO00284,2025-01-23,University Dining A,SKU007,S001,103,4.97,511.91,1
PO00285,2025-01-23,University Dining A,SKU008,S005,178,3.38,601.64,0
PO00286,2025-01-23,Corporate HQ C,SKU001,S002,197,9.72,1914.84,0
PO00287,2025-01-23,Remote Campus E,SKU012,S007,23,5.98,137.54,0
PO00288,2025-01-23,University Dining A,SKU007,S005,16,3.01,48.16,0
PO00289,2025-01-23,University Dining A,SKU010,S001,218,2.21,481.78,0
PO00290,2025-01-23,Corporate HQ C,SKU004,S004,135,14.31,1931.85,0
PO00291,2025-01-23,Hospital Cafe B,SKU003,S003,194,5.35,1037.9,0
PO00292,2025-01-24,Hospital Cafe B,SKU006,S006,74,1.95,144.3,0
PO00293,2025-01-24,Stadium Location D,SKU006,S006,80,2.15,172.0,0
PO00294,2025-01-24,Hospital Cafe B,SKU003,S003,132,4.77,629.64,0
PO00295,2025-01-24,Hospital Cafe B,SKU010,S001,139,2.39,332.21,0
PO00296,2025-01-24,Hospital Cafe B,SKU006,S006,60,2.11,126.6,0
PO00297,2025-01-24,Hospital Cafe B,SKU007,S001,106,6.03,639.18,1
PO00298,2025-01-24,Stadium Location D,SKU005,S001,102,3.76,383.52,1
PO00299,2025-01-24,University Dining A,SKU009,S003,186,3.14,584.04,0
PO00300,2025-01-24,Corporate HQ C,SKU005,S006,110,2.06,226.6,0
PO00301,2025-01-25,Corporate HQ C,SKU007,S005,102,3.38,344.76,0
PO00302,2025-01-25,Remote Campus E,SKU002,S002,55,8.33,458.15,0
PO00303,2025-01-25,Remote Campus E,SKU012,S007,85,5.06,430.1,0
PO00304,2025-01-25,Corporate HQ C,SKU005,S006,159,2.21,351.39,0
PO00305,2025-01-25,Corporate HQ C,SKU012,S007,48,7.26,348.48,0
PO00306,2025-01-25,Remote Campus E,SKU010,S001,116,2.44,283.04,0
PO00307,2025-01-25,Stadium Location D,SKU006,S006,43,1.95,83.85,0
PO00308,2025-01-25,University Dining A,SKU004,S004,21,14.84,311.64,0
PO00309,2025-01-25,Corporate HQ C,SKU001,S008,143,14.06,2010.58,1
PO00310,2025-01-25,Corporate HQ C,SKU009,S003,159,2.46,391.14,0
PO00311,2025-01-25,Remote Campus E,SKU010,S001,103,2.35,242.05,0
PO00312,2025-01-25,Hospital Cafe B,SKU008,S005,13,2.9,37.7,0
PO00313,2025-01-26,Hospital Cafe B,SKU008,S005,173,3.53,610.69,0
PO00314,2025-01-26,Corporate HQ C,SKU011,S007,112,4.64,519.68,0
PO00315,2025-01-26,Stadium Location D,SKU001,S008,158,15.65,2472.7,1
PO00316,2025-01-26,Stadium Location D,SKU010,S001,197,2.35,462.95,0
PO00317,2025-01-26,University Dining A,SKU004,S004,10,16.37,163.7,0
PO00318,2025-01-26,Hospital Cafe B,SKU001,S002,70,9.32,652.4,0
PO00319,2025-01-26,Remote Campus E,SKU001,S002,166,9.21,1528.86,0
PO00320,2025-01-26,Stadium Location D,SKU011,S007,46,4.64,213.44,0
PO00321,2025-01-26,Remote Campus E,SKU004,S004,174,14.05,2444.7,0
PO00322,2025-01-26,Remote Campus E,SKU011,S007,218,4.61,1004.98,0
PO00323,2025-01-27,University Dining A,SKU009,S003,86,2.58,221.88,0
PO00324,2025-01-27,Remote Campus E,SKU012,S007,193,5.25,1013.25,0
PO00325,2025-01-27,University Dining A,SKU001,S002,129,10.24,1320.96,0
PO00326,2025-01-27,Hospital Cafe B,SKU012,S007,54,5.74,309.96,0
PO00327,2025-01-27,University Dining A,SKU002,S002,174,7.37,1282.38,0
PO00328,2025-01-27,Corporate HQ C,SKU002,S002,201,9.21,1851.21,0
PO00329,2025-01-27,Stadium Location D,SKU012,S007,183,8.44,1544.52,0
PO00330,2025-01-27,Corporate HQ C,SKU011,S007,143,4.45,636.35,0
PO00331,2025-01-27,University Dining A,SKU005,S006,65,2.12,137.8,0
PO00332,2025-01-27,Hospital Cafe B,SKU009,S003,70,3.58,250.6,0
PO00333,2025-01-28,Stadium Location D,SKU012,S007,59,5.46,322.14,0
PO00334,2025-01-28,Remote Campus E,SKU006,S006,107,1.75,187.25,0
PO00335,2025-01-28,University Dining A,SKU008,S005,145,3.27,474.15,0
PO00336,2025-01-28,Corporate HQ C,SKU001,S002,156,8.69,1355.64,0
PO00337,2025-01-28,University Dining A,SKU004,S004,159,13.8,2194.2,0
PO00338,2025-01-28,University Dining A,SKU010,S001,47,2.2,103.4,0
PO00339,2025-01-28,University Dining A,SKU001,S008,46,15.29,703.34,1
PO00340,2025-01-28,University Dining A,SKU001,S008,198,16.76,3318.48,1
PO00341,2025-01-28,Corporate HQ C,SKU002,S002,205,9.62,1972.1,0
PO00342,2025-01-28,Remote Campus E,SKU004,S004,219,12.28,2689.32,0
PO00343,2025-01-29,Stadium Location D,SKU002,S002,203,7.52,1526.56,0
PO00344,2025-01-29,University Dining A,SKU002,S002,62,8.02,497.24,0
PO00345,2025-01-29,Corporate HQ C,SKU001,S008,171,16.39,2802.69,1
PO00346,2025-01-29,Hospital Cafe B,SKU008,S005,35,3.05,106.75,0
PO00347,2025-01-29,Corporate HQ C,SKU005,S006,15,2.23,33.45,0
PO00348,2025-01-29,Remote Campus E,SKU005,S006,92,3.26,299.92,0
PO00349,2025-01-29,Remote Campus E,SKU009,S003,83,3.14,260.62,0
PO00350,2025-01-29,Remote Campus E,SKU012,S007,121,7.3,883.3,0
PO00351,2025-01-29,University Dining A,SKU002,S002,190,10.18,1934.2,0
PO00352,2025-01-29,University Dining A,SKU009,S003,192,3.21,616.32,0
PO00353,2025-01-29,Stadium Location D,SKU010,S001,53,2.43,128.79,0
PO00354,2025-01-29,University Dining A,SKU001,S002,202,8.04,1624.08,0
PO00355,2025-01-29,Hospital Cafe B,SKU001,S002,187,9.72,1817.64,0
PO00356,2025-01-29,Corporate HQ C,SKU008,S005,141,3.21,452.61,0
PO00357,2025-01-29,Hospital Cafe B,SKU010,S001,82,2.03,166.46,0
PO00358,2025-01-29,University Dining A,SKU012,S007,52,5.8,301.6,0
PO00359,2025-01-29,Remote Campus E,SKU011,S007,135,4.46,602.1,0
PO00360,2025-01-29,University Dining A,SKU002,S002,101,7.93,800.93,0
PO00361,2025-01-30,University Dining A,SKU007,S005,118,3.46,408.28,0
PO00362,2025-01-30,Stadium Location D,SKU006,S006,77,2.11,162.47,0
PO00363,2025-01-30,Hospital Cafe B,SKU009,S003,107,2.68,286.76,0
PO00364,2025-01-30,Remote Campus E,SKU008,S005,162,3.25,526.5,0
PO00365,2025-01-30,Hospital Cafe B,SKU011,S007,143,6.04,863.72,0
PO00366,2025-01-30,Corporate HQ C,SKU008,S005,199,3.0,597.0,0
PO00367,2025-01-30,Corporate HQ C,SKU003,S003,186,5.18,963.48,0
PO00368,2025-01-30,Stadium Location D,SKU010,S001,95,2.57,244.15,0
PO00369,2025-01-30,Remote Campus E,SKU011,S007,70,4.33,303.1,0
PO00370,2025-01-30,Remote Campus E,SKU004,S004,203,11.09,2251.27,0
PO00371,2025-01-30,Corporate HQ C,SKU003,S003,73,5.38,392.74,0
PO00372,2025-01-30,Hospital Cafe B,SKU010,S001,51,2.17,110.67,0
PO00373,2025-01-30,University Dining A,SKU006,S006,76,1.98,150.48,0
PO00374,2025-01-30,Hospital Cafe B,SKU003,S003,36,5.86,210.96,0
PO00375,2025-01-31,Corporate HQ C,SKU003,S003,213,5.14,1094.82,0
PO00376,2025-01-31,Hospital Cafe B,SKU012,S007,80,5.23,418.4,0
PO00377,2025-01-31,Corporate HQ C,SKU002,S002,37,7.49,277.13,0
PO00378,2025-01-31,University Dining A,SKU004,S004,128,14.61,1870.08,0
PO00379,2025-01-31,Hospital Cafe B,SKU001,S002,187,9.77,1826.99,0
PO00380,2025-01-31,Stadium Location D,SKU009,S003,85,2.9,246.5,0
PO00381,2025-01-31,Stadium Location D,SKU001,S008,72,14.79,1064.88,1
PO00382,2025-01-31,Stadium Location D,SKU012,S007,201,5.75,1155.75,0
PO00383,2025-01-31,Remote Campus E,SKU004,S004,177,13.07,2313.39,0
PO00384,2025-01-31,University Dining A,SKU004,S004,174,12.4,2157.6,0
PO00385,2025-01-31,University Dining A,SKU008,S005,76,2.43,184.68,0
PO00386,2025-01-31,Hospital Cafe B,SKU007,S001,171,5.07,866.97,1
PO00387,2025-01-31,Remote Campus E,SKU005,S006,15,2.15,32.25,0
PO00388,2025-01-31,Corporate HQ C,SKU007,S005,56,3.25,182.0,0
PO00389,2025-02-01,University Dining A,SKU007,S005,37,3.4,125.8,0
PO00390,2025-02-01,Hospital Cafe B,SKU005,S006,210,2.14,449.4,0
PO00391,2025-02-01,Stadium Location D,SKU009,S003,157,2.82,442.74,0
PO00392,2025-02-01,Remote Campus E,SKU009,S003,131,2.95,386.45,0
PO00393,2025-02-01,Corporate HQ C,SKU001,S002,143,9.11,1302.73,0
PO00394,2025-02-01,Hospital Cafe B,SKU007,S005,185,3.22,595.7,0
PO00395,2025-02-01,Remote Campus E,SKU007,S005,196,2.88,564.48,0
PO00396,2025-02-01,Corporate HQ C,SKU006,S006,74,2.1,155.4,0
PO00397,2025-02-02,Corporate HQ C,SKU007,S001,117,5.13,600.21,1
PO00398,2025-02-02,Corporate HQ C,SKU010,S001,67,2.57,172.19,0
PO00399,2025-02-02,Hospital Cafe B,SKU012,S007,144,6.46,930.24,0
PO00400,2025-02-02,University Dining A,SKU007,S005,208,3.57,742.56,0
PO00401,2025-02-02,Remote Campus E,SKU011,S007,174,4.51,784.74,0
PO00402,2025-02-02,Corporate HQ C,SKU012,S007,47,6.12,287.64,0
PO00403,2025-02-02,Stadium Location D,SKU011,S007,219,4.03,882.57,0
PO00404,2025-02-02,Remote Campus E,SKU008,S005,204,3.3,673.2,0
PO00405,2025-02-02,Corporate HQ C,SKU011,S007,130,4.58,595.4,0
PO00406,2025-02-02,Corporate HQ C,SKU004,S004,106,11.71,1241.26,0
PO00407,2025-02-02,Corporate HQ C,SKU007,S005,216,3.64,786.24,0
PO00408,2025-02-02,Corporate HQ C,SKU006,S006,87,1.85,160.95,0
PO00409,2025-02-02,University Dining A,SKU008,S005,169,3.36,567.84,0
PO00410,2025-02-02,Corporate HQ C,SKU011,S007,49,4.38,214.62,0
PO00411,2025-02-03,Remote Campus E,SKU001,S008,45,18.17,817.65,1
PO00412,2025-02-03,University Dining A,SKU006,S006,13,2.16,28.08,0
PO00413,2025-02-03,Corporate HQ C,SKU004,S004,177,12.53,2217.81,0
PO00414,2025-02-03,Hospital Cafe B,SKU005,S006,69,1.91,131.79,0
PO00415,2025-02-03,Hospital Cafe B,SKU008,S005,49,3.16,154.84,0
PO00416,2025-02-03,Remote Campus E,SKU007,S005,186,3.51,652.86,0
PO00417,2025-02-03,Corporate HQ C,SKU002,S002,150,8.2,1230.0,0
PO00418,2025-02-03,Remote Campus E,SKU004,S004,64,12.75,816.0,0
PO00419,2025-02-03,University Dining A,SKU002,S002,122,8.77,1069.94,0
PO00420,2025-02-03,Hospital Cafe B,SKU009,S003,117,2.18,255.06,0
PO00421,2025-02-03,University Dining A,SKU003,S003,152,4.88,741.76,0
PO00422,2025-02-03,Stadium Location D,SKU008,S005,46,2.85,131.1,0
PO00423,2025-02-03,Remote Campus E,SKU004,S004,148,13.7,2027.6,0
PO00424,2025-02-03,Remote Campus E,SKU012,S007,129,8.19,1056.51,0
PO00425,2025-02-04,Corporate HQ C,SKU011,S007,129,4.14,534.06,0
PO00426,2025-02-04,Hospital Cafe B,SKU007,S005,29,3.21,93.09,0
PO00427,2025-02-04,University Dining A,SKU011,S007,175,4.02,703.5,0
PO00428,2025-02-04,University Dining A,SKU001,S002,94,9.78,919.32,0
PO00429,2025-02-04,Hospital Cafe B,SKU009,S003,203,2.63,533.89,0
PO00430,2025-02-04,University Dining A,SKU001,S008,96,16.23,1558.08,1
PO00431,2025-02-04,Remote Campus E,SKU011,S007,131,4.28,560.68,0
PO00432,2025-02-04,Corporate HQ C,SKU009,S003,63,2.98,187.74,0
PO00433,2025-02-04,Corporate HQ C,SKU007,S005,23,3.27,75.21,0
PO00434,2025-02-04,Remote Campus E,SKU005,S006,95,2.25,213.75,0
PO00435,2025-02-04,Stadium Location D,SKU005,S006,62,2.24,138.88,0
PO00436,2025-02-04,Corporate HQ C,SKU002,S002,91,7.92,720.72,0
PO00437,2025-02-04,University Dining A,SKU003,S003,172,5.38,925.36,0
PO00438,2025-02-04,Remote Campus E,SKU001,S002,113,10.05,1135.65,0
PO00439,2025-02-04,University Dining A,SKU010,S001,11,3.23,35.53,0
PO00440,2025-02-05,University Dining A,SKU008,S005,178,3.09,550.02,0
PO00441,2025-02-05,Stadium Location D,SKU009,S003,166,2.69,446.54,0
PO00442,2025-02-05,Remote Campus E,SKU010,S001,182,2.62,476.84,0
PO00443,2025-02-05,Stadium Location D,SKU011,S007,20,5.3,106.0,0
PO00444,2025-02-05,Hospital Cafe B,SKU011,S007,35,4.24,148.4,0
PO00445,2025-02-05,University Dining A,SKU001,S002,177,10.19,1803.63,0
PO00446,2025-02-05,Corporate HQ C,SKU006,S006,45,1.9,85.5,0
PO00447,2025-02-05,Hospital Cafe B,SKU009,S003,87,2.95,256.65,0
PO00448,2025-02-05,Remote Campus E,SKU007,S001,174,5.27,916.98,1
PO00449,2025-02-05,Stadium Location D,SKU001,S002,40,10.59,423.6,0
PO00450,2025-02-05,Stadium Location D,SKU010,S001,113,1.94,219.22,0
PO00451,2025-02-06,Hospital Cafe B,SKU001,S002,178,9.33,1660.74,0
PO00452,2025-02-06,University Dining A,SKU008,S005,150,2.95,442.5,0
PO00453,2025-02-06,Hospital Cafe B,SKU002,S002,64,8.38,536.32,0
PO00454,2025-02-06,University Dining A,SKU011,S007,185,5.08,939.8,0
PO00455,2025-02-06,Hospital Cafe B,SKU002,S002,41,8.03,329.23,0
PO00456,2025-02-06,Stadium Location D,SKU008,S005,72,4.75,342.0,0
PO00457,2025-02-06,Corporate HQ C,SKU012,S007,22,6.62,145.64,0
PO00458,2025-02-06,University Dining A,SKU012,S007,47,4.5,211.5,0
PO00459,2025-02-06,Corporate HQ C,SKU005,S006,127,2.11,267.97,0
PO00460,2025-02-07,Remote Campus E,SKU012,S007,176,7.04,1239.04,0
PO00461,2025-02-07,Remote Campus E,SKU002,S002,89,8.45,752.05,0
PO00462,2025-02-07,Remote Campus E,SKU003,S003,134,5.01,671.34,0
PO00463,2025-02-07,Stadium Location D,SKU001,S002,196,8.76,1716.96,0
PO00464,2025-02-07,University Dining A,SKU008,S005,47,2.96,139.12,0
PO00465,2025-02-07,Stadium Location D,SKU006,S006,51,2.07,105.57,0
PO00466,2025-02-07,Stadium Location D,SKU008,S005,211,3.46,730.06,0
PO00467,2025-02-07,Corporate HQ C,SKU005,S006,84,2.18,183.12,0
PO00468,2025-02-08,Remote Campus E,SKU010,S001,190,2.31,438.9,0
PO00469,2025-02-08,University Dining A,SKU006,S006,195,1.97,384.15,0
PO00470,2025-02-08,Remote Campus E,SKU003,S003,89,5.05,449.45,0
PO00471,2025-02-08,Stadium Location D,SKU007,S005,109,3.44,374.96,0
PO00472,2025-02-08,Stadium Location D,SKU010,S001,69,2.49,171.81,0
PO00473,2025-02-08,Stadium Location D,SKU005,S006,78,2.06,160.68,0
PO00474,2025-02-08,University Dining A,SKU003,S003,218,5.23,1140.14,0
PO00475,2025-02-08,Hospital Cafe B,SKU005,S006,156,1.96,305.76,0
PO00476,2025-02-09,Corporate HQ C,SKU009,S003,137,2.96,405.52,0
PO00477,2025-02-09,Stadium Location D,SKU009,S003,151,3.04,459.04,0
PO00478,2025-02-09,Stadium Location D,SKU007,S001,24,4.61,110.64,1
PO00479,2025-02-09,Remote Campus E,SKU008,S005,75,3.3,247.5,0
PO00480,2025-02-09,Remote Campus E,SKU001,S002,32,9.03,288.96,0
PO00481,2025-02-09,Stadium Location D,SKU006,S006,69,2.12,146.28,0
PO00482,2025-02-09,Remote Campus E,SKU010,S001,76,2.65,201.4,0
PO00483,2025-02-09,Hospital Cafe B,SKU006,S006,160,1.92,307.2,0
PO00484,2025-02-09,Hospital Cafe B,SKU004,S004,33,14.42,475.86,0
PO00485,2025-02-09,Remote Campus E,SKU012,S007,157,5.57,874.49,0
PO00486,2025-02-09,Hospital Cafe B,SKU006,S006,142,1.86,264.12,0
PO00487,2025-02-09,University Dining A,SKU004,S004,105,19.93,2092.65,0
PO00488,2025-02-10,Hospital Cafe B,SKU011,S007,30,4.48,134.4,0
PO00489,2025-02-10,Corporate HQ C,SKU006,S006,98,1.91,187.18,0
PO00490,2025-02-10,University Dining A,SKU009,S003,34,2.81,95.54,0
PO00491,2025-02-10,Stadium Location D,SKU004,S004,154,12.75,1963.5,0
PO00492,2025-02-10,Corporate HQ C,SKU010,S001,76,2.62,199.12,0
PO00493,2025-02-10,Remote Campus E,SKU007,S001,219,5.91,1294.29,1
PO00494,2025-02-10,Corporate HQ C,SKU003,S003,19,4.95,94.05,0
PO00495,2025-02-10,University Dining A,SKU004,S004,106,11.91,1262.46,0
PO00496,2025-02-10,Stadium Location D,SKU001,S008,127,18.29,2322.83,1
PO00497,2025-02-10,Stadium Location D,SKU002,S002,173,9.19,1589.87,0
PO00498,2025-02-10,Corporate HQ C,SKU002,S002,33,8.34,275.22,0
PO00499,2025-02-10,University Dining A,SKU006,S006,174,1.76,306.24,0
PO00500,2025-02-10,Stadium Location D,SKU011,S007,56,4.63,259.28,0
PO00501,2025-02-11,Hospital Cafe B,SKU006,S006,194,2.19,424.86,0
PO00502,2025-02-11,University Dining A,SKU003,S003,100,5.77,577.0,0
PO00503,2025-02-11,Corporate HQ C,SKU009,S003,22,2.88,63.36,0
PO00504,2025-02-11,Stadium Location D,SKU009,S003,175,2.71,474.25,0
PO00505,2025-02-11,Corporate HQ C,SKU001,S008,60,16.34,980.4,1
PO00506,2025-02-11,University Dining A,SKU010,S001,204,2.57,524.28,0
PO00507,2025-02-11,Stadium Location D,SKU008,S005,75,2.87,215.25,0
PO00508,2025-02-11,Hospital Cafe B,SKU002,S002,107,8.64,924.48,0
PO00509,2025-02-11,University Dining A,SKU008,S005,46,3.52,161.92,0
PO00510,2025-02-11,University Dining A,SKU008,S005,59,3.24,191.16,0
PO00511,2025-02-12,Hospital Cafe B,SKU004,S004,105,17.79,1867.95,0
PO00512,2025-02-12,University Dining A,SKU008,S005,108,2.75,297.0,0
PO00513,2025-02-12,Hospital Cafe B,SKU011,S007,92,6.46,594.32,0
PO00514,2025-02-12,Hospital Cafe B,SKU008,S005,103,2.74,282.22,0
PO00515,2025-02-12,Hospital Cafe B,SKU006,S006,24,2.2,52.8,0
PO00516,2025-02-12,Stadium Location D,SKU012,S007,47,5.66,266.02,0
PO00517,2025-02-12,Hospital Cafe B,SKU003,S003,115,4.73,543.95,0
PO00518,2025-02-12,Corporate HQ C,SKU003,S003,85,6.59,560.15,0
PO00519,2025-02-12,Corporate HQ C,SKU003,S003,37,4.72,174.64,0
PO00520,2025-02-12,Hospital Cafe B,SKU008,S005,39,3.11,121.29,0
PO00521,2025-02-13,Remote Campus E,SKU001,S002,64,8.81,563.84,0
PO00522,2025-02-13,Corporate HQ C,SKU008,S005,40,3.61,144.4,0
PO00523,2025-02-13,Corporate HQ C,SKU004,S004,120,12.61,1513.2,0
PO00524,2025-02-13,Stadium Location D,SKU004,S004,34,12.58,427.72,0
PO00525,2025-02-13,Corporate HQ C,SKU005,S006,195,2.21,430.95,0
PO00526,2025-02-13,Stadium Location D,SKU003,S003,14,5.73,80.22,0
PO00527,2025-02-13,Stadium Location D,SKU009,S003,45,3.07,138.15,0
PO00528,2025-02-13,Hospital Cafe B,SKU001,S002,83,9.41,781.03,0
PO00529,2025-02-13,Hospital Cafe B,SKU006,S006,114,2.0,228.0,0
PO00530,2025-02-13,Remote Campus E,SKU005,S006,56,2.19,122.64,0
PO00531,2025-02-13,Remote Campus E,SKU004,S004,60,13.94,836.4,0
PO00532,2025-02-13,Stadium Location D,SKU002,S002,165,8.61,1420.65,0
PO00533,2025-02-13,Hospital Cafe B,SKU005,S001,191,3.54,676.14,1
PO00534,2025-02-13,University Dining A,SKU010,S001,12,2.23,26.76,0
PO00535,2025-02-13,University Dining A,SKU012,S007,114,5.85,666.9,0
PO00536,2025-02-13,Corporate HQ C,SKU009,S003,95,2.53,240.35,0
PO00537,2025-02-14,Stadium Location D,SKU008,S005,114,3.53,402.42,0
PO00538,2025-02-14,Hospital Cafe B,SKU003,S003,78,5.17,403.26,0
PO00539,2025-02-14,University Dining A,SKU003,S003,103,4.74,488.22,0
PO00540,2025-02-14,Remote Campus E,SKU003,S003,157,5.02,788.14,0
PO00541,2025-02-14,University Dining A,SKU001,S002,142,9.4,1334.8,0
PO00542,2025-02-14,Corporate HQ C,SKU002,S002,72,8.36,601.92,0
PO00543,2025-02-14,University Dining A,SKU012,S007,157,6.19,971.83,0
PO00544,2025-02-14,Stadium Location D,SKU005,S006,136,1.92,261.12,0
PO00545,2025-02-14,University Dining A,SKU009,S003,44,3.67,161.48,0
PO00546,2025-02-14,Remote Campus E,SKU004,S004,67,13.74,920.58,0
PO00547,2025-02-14,Corporate HQ C,SKU003,S003,89,5.08,452.12,0
PO00548,2025-02-14,University Dining A,SKU009,S003,17,2.82,47.94,0
PO00549,2025-02-14,Hospital Cafe B,SKU002,S002,199,8.74,1739.26,0
PO00550,2025-02-14,Stadium Location D,SKU005,S001,189,3.61,682.29,1
PO00551,2025-02-14,Hospital Cafe B,SKU002,S002,34,8.97,304.98,0
PO00552,2025-02-14,Remote Campus E,SKU001,S002,159,9.11,1448.49,0
PO00553,2025-02-14,Remote Campus E,SKU005,S001,45,3.55,159.75,1
PO00554,2025-02-14,Hospital Cafe B,SKU010,S001,68,2.31,157.08,0
PO00555,2025-02-15,Hospital Cafe B,SKU010,S001,111,2.26,250.86,0
PO00556,2025-02-15,Remote Campus E,SKU001,S002,117,10.25,1199.25,0
PO00557,2025-02-15,University Dining A,SKU010,S001,111,2.58,286.38,0
PO00558,2025-02-15,Corporate HQ C,SKU006,S006,71,1.66,117.86,0
PO00559,2025-02-15,Corporate HQ C,SKU012,S007,154,5.27,811.58,0
PO00560,2025-02-15,Corporate HQ C,SKU007,S005,184,4.56,839.04,0
PO00561,2025-02-15,University Dining A,SKU004,S004,179,14.5,2595.5,0
PO00562,2025-02-15,University Dining A,SKU006,S006,57,1.86,106.02,0
PO00563,2025-02-15,University Dining A,SKU006,S006,139,1.93,268.27,0
PO00564,2025-02-15,Stadium Location D,SKU004,S004,111,11.92,1323.12,0
PO00565,2025-02-15,University Dining A,SKU011,S007,20,7.8,156.0,0
PO00566,2025-02-15,Remote Campus E,SKU011,S007,183,4.7,860.1,0
PO00567,2025-02-15,Remote Campus E,SKU005,S006,19,2.31,43.89,0
PO00568,2025-02-15,University Dining A,SKU002,S002,143,8.88,1269.84,0
PO00569,2025-02-15,Corporate HQ C,SKU007,S001,88,5.22,459.36,1
PO00570,2025-02-15,Remote Campus E,SKU011,S007,25,4.75,118.75,0
PO00571,2025-02-15,Stadium Location D,SKU009,S003,31,2.71,84.01,0
PO00572,2025-02-15,Stadium Location D,SKU010,S001,47,2.61,122.67,0
PO00573,2025-02-16,Stadium Location D,SKU009,S003,85,2.8,238.0,0
PO00574,2025-02-16,University Dining A,SKU010,S001,72,2.72,195.84,0
PO00575,2025-02-16,Remote Campus E,SKU012,S007,126,5.44,685.44,0
PO00576,2025-02-16,Stadium Location D,SKU012,S007,176,5.53,973.28,0
PO00577,2025-02-16,Stadium Location D,SKU004,S004,103,14.08,1450.24,0
PO00578,2025-02-16,Stadium Location D,SKU009,S003,132,3.06,403.92,0
PO00579,2025-02-16,Remote Campus E,SKU005,S001,141,3.39,477.99,1
PO00580,2025-02-16,Hospital Cafe B,SKU007,S005,100,3.11,311.0,0
PO00581,2025-02-16,Stadium Location D,SKU004,S004,93,13.27,1234.11,0
PO00582,2025-02-17,University Dining A,SKU005,S006,24,2.08,49.92,0
PO00583,2025-02-17,Corporate HQ C,SKU003,S003,165,5.91,975.15,0
PO00584,2025-02-17,Stadium Location D,SKU008,S005,142,3.42,485.64,0
PO00585,2025-02-17,University Dining A,SKU008,S005,205,3.51,719.55,0
PO00586,2025-02-17,Hospital Cafe B,SKU009,S003,183,2.85,521.55,0
PO00587,2025-02-17,Hospital Cafe B,SKU007,S005,182,3.15,573.3,0
PO00588,2025-02-17,Remote Campus E,SKU010,S001,80,2.7,216.0,0
PO00589,2025-02-17,Stadium Location D,SKU002,S002,200,9.53,1906.0,0
PO00590,2025-02-17,Hospital Cafe B,SKU005,S006,190,2.26,429.4,0
PO00591,2025-02-17,University Dining A,SKU007,S005,159,4.77,758.43,0
PO00592,2025-02-17,Hospital Cafe B,SKU008,S005,156,3.46,539.76,0
PO00593,2025-02-17,Remote Campus E,SKU007,S005,169,3.2,540.8,0
PO00594,2025-02-18,Corporate HQ C,SKU007,S005,83,3.49,289.67,0
PO00595,2025-02-18,Stadium Location D,SKU005,S006,162,2.04,330.48,0
PO00596,2025-02-18,Stadium Location D,SKU011,S007,211,4.19,884.09,0
PO00597,2025-02-18,Hospital Cafe B,SKU007,S005,87,3.44,299.28,0
PO00598,2025-02-18,Corporate HQ C,SKU007,S005,32,3.38,108.16,0
PO00599,2025-02-18,Hospital Cafe B,SKU006,S006,165,2.25,371.25,0
PO00600,2025-02-18,University Dining A,SKU006,S006,119,1.91,227.29,0
PO00601,2025-02-18,Corporate HQ C,SKU001,S008,147,15.21,2235.87,1
PO00602,2025-02-18,Remote Campus E,SKU009,S003,121,2.53,306.13,0
PO00603,2025-02-19,Stadium Location D,SKU012,S007,109,4.93,537.37,0
PO00604,2025-02-19,University Dining A,SKU006,S006,125,2.5,312.5,0
PO00605,2025-02-19,Corporate HQ C,SKU011,S007,114,5.86,668.04,0
PO00606,2025-02-19,Remote Campus E,SKU009,S003,153,2.53,387.09,0
PO00607,2025-02-19,Stadium Location D,SKU003,S003,117,5.6,655.2,0
PO00608,2025-02-19,Corporate HQ C,SKU007,S005,160,3.66,585.6,0
PO00609,2025-02-19,University Dining A,SKU012,S007,218,5.64,1229.52,0
PO00610,2025-02-19,University Dining A,SKU003,S003,103,5.81,598.43,0
PO00611,2025-02-19,Corporate HQ C,SKU005,S006,85,2.2,187.0,0
PO00612,2025-02-19,Hospital Cafe B,SKU009,S003,117,3.02,353.34,0
PO00613,2025-02-19,Hospital Cafe B,SKU009,S003,140,2.73,382.2,0
PO00614,2025-02-19,Hospital Cafe B,SKU009,S003,115,2.99,343.85,0
PO00615,2025-02-19,Remote Campus E,SKU001,S002,100,9.07,907.0,0
PO00616,2025-02-19,Stadium Location D,SKU011,S007,20,4.75,95.0,0
PO00617,2025-02-19,Remote Campus E,SKU001,S002,186,9.44,1755.84,0
PO00618,2025-02-19,Remote Campus E,SKU001,S002,35,9.69,339.15,0
PO00619,2025-02-20,Remote Campus E,SKU011,S007,206,5.83,1200.98,0
PO00620,2025-02-20,Remote Campus E,SKU010,S001,175,2.51,439.25,0
PO00621,2025-02-20,Hospital Cafe B,SKU009,S003,157,2.76,433.32,0
PO00622,2025-02-20,Remote Campus E,SKU007,S005,142,3.48,494.16,0
PO00623,2025-02-20,Stadium Location D,SKU002,S002,143,10.68,1527.24,0
PO00624,2025-02-20,University Dining A,SKU008,S005,216,2.85,615.6,0
PO00625,2025-02-20,Hospital Cafe B,SKU011,S007,92,6.78,623.76,0
PO00626,2025-02-20,Hospital Cafe B,SKU012,S007,80,6.07,485.6,0
PO00627,2025-02-21,University Dining A,SKU005,S006,159,2.04,324.36,0
PO00628,2025-02-21,Stadium Location D,SKU006,S006,169,2.02,341.38,0
PO00629,2025-02-21,Stadium Location D,SKU001,S008,21,15.18,318.78,1
PO00630,2025-02-21,Hospital Cafe B,SKU001,S002,21,10.88,228.48,0
PO00631,2025-02-21,University Dining A,SKU010,S001,90,2.43,218.7,0
PO00632,2025-02-21,Corporate HQ C,SKU008,S005,164,3.17,519.88,0
PO00633,2025-02-21,Hospital Cafe B,SKU008,S005,27,3.49,94.23,0
PO00634,2025-02-21,Remote Campus E,SKU011,S007,193,4.48,864.64,0
PO00635,2025-02-22,University Dining A,SKU007,S005,134,3.45,462.3,0
PO00636,2025-02-22,Corporate HQ C,SKU004,S004,53,12.3,651.9,0
PO00637,2025-02-22,University Dining A,SKU007,S001,102,4.92,501.84,1
PO00638,2025-02-22,Corporate HQ C,SKU006,S006,108,1.75,189.0,0
PO00639,2025-02-22,Corporate HQ C,SKU007,S005,118,3.24,382.32,0
PO00640,2025-02-22,Stadium Location D,SKU009,S003,58,3.0,174.0,0
PO00641,2025-02-22,University Dining A,SKU005,S006,81,2.2,178.2,0
PO00642,2025-02-22,Hospital Cafe B,SKU006,S006,71,2.09,148.39,0
PO00643,2025-02-22,Hospital Cafe B,SKU002,S002,149,7.77,1157.73,0
PO00644,2025-02-22,Hospital Cafe B,SKU009,S003,213,2.59,551.67,0
PO00645,2025-02-22,Stadium Location D,SKU003,S003,65,4.96,322.4,0
PO00646,2025-02-23,Corporate HQ C,SKU011,S007,63,4.73,297.99,0
PO00647,2025-02-23,Stadium Location D,SKU008,S005,68,3.28,223.04,0
PO00648,2025-02-23,Corporate HQ C,SKU011,S007,190,4.53,860.7,0
PO00649,2025-02-23,Corporate HQ C,SKU010,S001,160,2.59,414.4,0
PO00650,2025-02-23,Remote Campus E,SKU009,S003,165,2.75,453.75,0
PO00651,2025-02-23,University Dining A,SKU004,S004,202,13.37,2700.74,0
PO00652,2025-02-23,Corporate HQ C,SKU011,S007,148,4.99,738.52,0
PO00653,2025-02-23,University Dining A,SKU012,S007,108,5.51,595.08,0
PO00654,2025-02-23,Corporate HQ C,SKU011,S007,47,4.6,216.2,0
PO00655,2025-02-23,Hospital Cafe B,SKU001,S002,55,11.01,605.55,0
PO00656,2025-02-23,University Dining A,SKU006,S006,37,1.97,72.89,0
PO00657,2025-02-23,Remote Campus E,SKU009,S003,216,2.93,632.88,0
PO00658,2025-02-23,Hospital Cafe B,SKU005,S001,83,3.1,257.3,1
PO00659,2025-02-23,Stadium Location D,SKU012,S007,101,6.64,670.64,0
PO00660,2025-02-24,Corporate HQ C,SKU011,S007,43,3.74,160.82,0
PO00661,2025-02-24,Corporate HQ C,SKU003,S003,179,6.85,1226.15,0
PO00662,2025-02-24,Corporate HQ C,SKU007,S001,112,4.57,511.84,1
PO00663,2025-02-24,University Dining A,SKU011,S007,84,5.1,428.4,0
PO00664,2025-02-24,University Dining A,SKU005,S006,192,2.22,426.24,0
PO00665,2025-02-24,Corporate HQ C,SKU007,S001,203,5.06,1027.18,1
PO00666,2025-02-24,Remote Campus E,SKU003,S003,20,4.64,92.8,0
PO00667,2025-02-24,Hospital Cafe B,SKU005,S006,154,2.22,341.88,0
PO00668,2025-02-24,Corporate HQ C,SKU010,S001,143,2.49,356.07,0
PO00669,2025-02-24,University Dining A,SKU007,S005,10,3.12,31.2,0
PO00670,2025-02-24,Remote Campus E,SKU011,S007,20,4.01,80.2,0
PO00671,2025-02-24,University Dining A,SKU010,S001,72,2.26,162.72,0
PO00672,2025-02-24,University Dining A,SKU001,S002,98,9.95,975.1,0
PO00673,2025-02-24,Remote Campus E,SKU007,S005,201,3.38,679.38,0
PO00674,2025-02-24,Corporate HQ C,SKU004,S004,33,13.47,444.51,0
PO00675,2025-02-25,Remote Campus E,SKU008,S005,187,3.16,590.92,0
PO00676,2025-02-25,Stadium Location D,SKU012,S007,170,4.98,846.6,0
PO00677,2025-02-25,Remote Campus E,SKU009,S003,119,3.98,473.62,0
PO00678,2025-02-25,University Dining A,SKU003,S003,58,4.74,274.92,0
PO00679,2025-02-25,Corporate HQ C,SKU012,S007,153,5.79,885.87,0
PO00680,2025-02-25,Hospital Cafe B,SKU003,S003,209,5.34,1116.06,0
PO00681,2025-02-25,Hospital Cafe B,SKU009,S003,25,2.64,66.0,0
PO00682,2025-02-25,Hospital Cafe B,SKU006,S006,33,1.8,59.4,0
PO00683,2025-02-25,Stadium Location D,SKU011,S007,44,4.88,214.72,0
PO00684,2025-02-25,Hospital Cafe B,SKU011,S007,190,4.66,885.4,0
PO00685,2025-02-25,Corporate HQ C,SKU001,S002,174,9.3,1618.2,0
PO00686,2025-02-25,Hospital Cafe B,SKU012,S007,191,4.42,844.22,0
PO00687,2025-02-25,University Dining A,SKU010,S001,95,2.46,233.7,0
PO00688,2025-02-25,Hospital Cafe B,SKU009,S003,53,2.92,154.76,0
PO00689,2025-02-26,Hospital Cafe B,SKU008,S005,113,3.47,392.11,0
PO00690,2025-02-26,Corporate HQ C,SKU002,S002,13,8.0,104.0,0
PO00691,2025-02-26,Corporate HQ C,SKU008,S005,25,3.03,75.75,0
PO00692,2025-02-26,Hospital Cafe B,SKU005,S001,38,3.48,132.24,1
PO00693,2025-02-26,Corporate HQ C,SKU006,S006,155,2.08,322.4,0
PO00694,2025-02-26,Stadium Location D,SKU005,S001,129,2.95,380.55,1
PO00695,2025-02-26,Remote Campus E,SKU002,S002,94,8.37,786.78,0
PO00696,2025-02-26,Hospital Cafe B,SKU005,S001,135,3.87,522.45,1
PO00697,2025-02-26,University Dining A,SKU009,S003,101,2.84,286.84,0
PO00698,2025-02-26,Corporate HQ C,SKU011,S007,167,3.98,664.66,0
PO00699,2025-02-26,University Dining A,SKU011,S007,45,4.66,209.7,0
PO00700,2025-02-26,Corporate HQ C,SKU001,S002,85,9.41,799.85,0
PO00701,2025-02-26,Hospital Cafe B,SKU003,S003,144,5.06,728.64,0
PO00702,2025-02-26,Remote Campus E,SKU002,S002,89,8.79,782.31,0
PO00703,2025-02-26,Corporate HQ C,SKU006,S006,175,2.13,372.75,0
PO00704,2025-02-26,Remote Campus E,SKU006,S006,44,1.7,74.8,0
PO00705,2025-02-26,Hospital Cafe B,SKU006,S006,74,2.11,156.14,0
PO00706,2025-02-27,Stadium Location D,SKU001,S008,65,18.28,1188.2,1
PO00707,2025-02-27,Remote Campus E,SKU007,S005,86,3.22,276.92,0
PO00708,2025-02-27,Hospital Cafe B,SKU010,S001,46,2.74,126.04,0
PO00709,2025-02-27,Stadium Location D,SKU003,S003,173,5.23,904.79,0
PO00710,2025-02-27,Stadium Location D,SKU002,S002,122,9.29,1133.38,0
PO00711,2025-02-27,University Dining A,SKU004,S004,105,12.77,1340.85,0
PO00712,2025-02-27,Remote Campus E,SKU001,S002,211,9.13,1926.43,0
PO00713,2025-02-27,Stadium Location D,SKU007,S001,141,5.82,820.62,1
PO00714,2025-02-28,Hospital Cafe B,SKU002,S002,180,9.87,1776.6,0
PO00715,2025-02-28,University Dining A,SKU012,S007,85,6.05,514.25,0
PO00716,2025-02-28,Corporate HQ C,SKU008,S005,182,3.41,620.62,0
PO00717,2025-02-28,Remote Campus E,SKU010,S001,31,2.38,73.78,0
PO00718,2025-02-28,Remote Campus E,SKU006,S006,119,1.76,209.44,0
PO00719,2025-02-28,Remote Campus E,SKU011,S007,112,4.45,498.4,0
PO00720,2025-02-28,University Dining A,SKU010,S001,217,2.76,598.92,0
PO00721,2025-02-28,Corporate HQ C,SKU012,S007,165,4.93,813.45,0
PO00722,2025-02-28,Stadium Location D,SKU010,S001,104,2.38,247.52,0
PO00723,2025-02-28,Corporate HQ C,SKU011,S007,86,3.86,331.96,0
PO00724,2025-02-28,Hospital Cafe B,SKU009,S003,17,2.8,47.6,0
PO00725,2025-02-28,University Dining A,SKU004,S004,124,14.3,1773.2,0
PO00726,2025-02-28,Remote Campus E,SKU003,S003,105,4.65,488.25,0
PO00727,2025-03-01,Stadium Location D,SKU007,S005,122,3.19,389.18,0
PO00728,2025-03-01,Remote Campus E,SKU005,S001,61,4.35,265.35,1
PO00729,2025-03-01,University Dining A,SKU012,S007,74,5.73,424.02,0
PO00730,2025-03-01,Stadium Location D,SKU004,S004,74,12.1,895.4,0
PO00731,2025-03-01,Remote Campus E,SKU004,S004,67,12.02,805.34,0
PO00732,2025-03-01,Remote Campus E,SKU010,S001,198,2.09,413.82,0
PO00733,2025-03-01,University Dining A,SKU010,S001,114,2.62,298.68,0
PO00734,2025-03-01,Remote Campus E,SKU008,S005,138,3.01,415.38,0
PO00735,2025-03-01,University Dining A,SKU009,S003,203,3.01,611.03,0
PO00736,2025-03-01,Remote Campus E,SKU011,S007,194,4.84,938.96,0
PO00737,2025-03-01,Stadium Location D,SKU002,S002,185,8.01,1481.85,0
PO00738,2025-03-01,Remote Campus E,SKU009,S003,59,2.67,157.53,0
PO00739,2025-03-01,Corporate HQ C,SKU008,S005,45,3.39,152.55,0
PO00740,2025-03-01,University Dining A,SKU010,S001,105,3.14,329.7,0
PO00741,2025-03-01,Corporate HQ C,SKU001,S002,127,9.99,1268.73,0
PO00742,2025-03-01,University Dining A,SKU002,S002,119,7.37,877.03,0
PO00743,2025-03-01,Remote Campus E,SKU010,S001,61,2.64,161.04,0
PO00744,2025-03-02,Corporate HQ C,SKU012,S007,53,5.38,285.14,0
PO00745,2025-03-02,University Dining A,SKU012,S007,215,4.75,1021.25,0
PO00746,2025-03-02,Corporate HQ C,SKU005,S001,144,3.51,505.44,1
PO00747,2025-03-02,Remote Campus E,SKU012,S007,219,5.96,1305.24,0
PO00748,2025-03-02,Corporate HQ C,SKU006,S006,150,2.28,342.0,0
PO00749,2025-03-02,Hospital Cafe B,SKU010,S001,182,2.4,436.8,0
PO00750,2025-03-02,Remote Campus E,SKU005,S006,15,1.94,29.1,0
PO00751,2025-03-02,Stadium Location D,SKU008,S005,15,3.72,55.8,0
PO00752,2025-03-02,Remote Campus E,SKU002,S002,48,10.81,518.88,0
PO00753,2025-03-03,Remote Campus E,SKU011,S007,46,4.44,204.24,0
PO00754,2025-03-03,Corporate HQ C,SKU005,S006,216,1.98,427.68,0
PO00755,2025-03-03,Stadium Location D,SKU008,S005,48,3.89,186.72,0
PO00756,2025-03-03,University Dining A,SKU009,S003,18,3.1,55.8,0
PO00757,2025-03-03,Remote Campus E,SKU002,S002,219,8.27,1811.13,0
PO00758,2025-03-03,Stadium Location D,SKU007,S005,187,3.16,590.92,0
PO00759,2025-03-03,Hospital Cafe B,SKU007,S001,145,4.89,709.05,1
PO00760,2025-03-03,Hospital Cafe B,SKU005,S006,21,2.43,51.03,0
PO00761,2025-03-03,Stadium Location D,SKU003,S003,196,4.91,962.36,0
PO00762,2025-03-03,Corporate HQ C,SKU006,S006,109,2.05,223.45,0
PO00763,2025-03-03,Hospital Cafe B,SKU006,S006,95,2.75,261.25,0
PO00764,2025-03-03,Hospital Cafe B,SKU001,S008,196,16.82,3296.72,1
PO00765,2025-03-04,Corporate HQ C,SKU007,S005,77,3.07,236.39,0
PO00766,2025-03-04,Hospital Cafe B,SKU010,S001,159,2.6,413.4,0
PO00767,2025-03-04,University Dining A,SKU012,S007,207,8.66,1792.62,0
PO00768,2025-03-04,Remote Campus E,SKU004,S004,172,13.34,2294.48,0
PO00769,2025-03-04,Corporate HQ C,SKU011,S007,212,4.21,892.52,0
PO00770,2025-03-04,University Dining A,SKU004,S004,46,12.05,554.3,0
PO00771,2025-03-04,Remote Campus E,SKU005,S006,102,2.2,224.4,0
PO00772,2025-03-04,Stadium Location D,SKU011,S007,150,4.44,666.0,0
PO00773,2025-03-04,Stadium Location D,SKU006,S006,92,2.52,231.84,0
PO00774,2025-03-04,Hospital Cafe B,SKU009,S003,72,2.78,200.16,0
PO00775,2025-03-04,University Dining A,SKU006,S006,62,1.73,107.26,0
PO00776,2025-03-04,Stadium Location D,SKU011,S007,124,4.81,596.44,0
PO00777,2025-03-05,Corporate HQ C,SKU005,S006,46,2.2,101.2,0
PO00778,2025-03-05,Remote Campus E,SKU012,S007,196,5.73,1123.08,0
PO00779,2025-03-05,University Dining A,SKU009,S003,97,2.83,274.51,0
PO00780,2025-03-05,Remote Campus E,SKU004,S004,30,14.35,430.5,0
PO00781,2025-03-05,Stadium Location D,SKU003,S003,100,5.17,517.0,0
PO00782,2025-03-05,Stadium Location D,SKU006,S006,186,1.83,340.38,0
PO00783,2025-03-05,Stadium Location D,SKU012,S007,27,6.29,169.83,0
PO00784,2025-03-05,Corporate HQ C,SKU006,S006,80,1.89,151.2,0
PO00785,2025-03-05,Hospital Cafe B,SKU009,S003,78,3.27,255.06,0
PO00786,2025-03-05,Hospital Cafe B,SKU012,S007,124,6.18,766.32,0
PO00787,2025-03-05,University Dining A,SKU010,S001,138,2.47,340.86,0
PO00788,2025-03-05,Hospital Cafe B,SKU004,S004,24,12.3,295.2,0
PO00789,2025-03-05,Remote Campus E,SKU010,S001,218,2.87,625.66,0
PO00790,2025-03-05,Hospital Cafe B,SKU006,S006,11,2.03,22.33,0
PO00791,2025-03-05,Corporate HQ C,SKU005,S006,173,2.17,375.41,0
PO00792,2025-03-05,Stadium Location D,SKU001,S008,16,18.54,296.64,1
PO00793,2025-03-05,University Dining A,SKU007,S005,54,3.37,181.98,0
PO00794,2025-03-06,Stadium Location D,SKU001,S008,163,16.85,2746.55,1
PO00795,2025-03-06,Corporate HQ C,SKU005,S006,16,2.11,33.76,0
PO00796,2025-03-06,University Dining A,SKU010,S001,90,2.37,213.3,0
PO00797,2025-03-06,Hospital Cafe B,SKU007,S005,94,3.46,325.24,0
PO00798,2025-03-06,University Dining A,SKU002,S002,145,10.57,1532.65,0
PO00799,2025-03-06,Corporate HQ C,SKU006,S006,118,1.89,223.02,0
PO00800,2025-03-06,Hospital Cafe B,SKU009,S003,152,2.96,449.92,0
PO00801,2025-03-06,Corporate HQ C,SKU011,S007,157,4.57,717.49,0
PO00802,2025-03-06,Stadium Location D,SKU004,S004,76,12.91,981.16,0
PO00803,2025-03-06,Remote Campus E,SKU001,S002,207,8.64,1788.48,0
PO00804,2025-03-06,Corporate HQ C,SKU012,S007,81,5.96,482.76,0
PO00805,2025-03-06,Hospital Cafe B,SKU009,S003,80,2.83,226.4,0
PO00806,2025-03-06,Corporate HQ C,SKU005,S001,217,3.25,705.25,1
PO00807,2025-03-06,Stadium Location D,SKU003,S003,68,4.98,338.64,0
PO00808,2025-03-07,Remote Campus E,SKU001,S002,149,9.15,1363.35,0
PO00809,2025-03-07,Corporate HQ C,SKU004,S004,56,13.15,736.4,0
PO00810,2025-03-07,Hospital Cafe B,SKU010,S001,48,2.52,120.96,0
PO00811,2025-03-07,Hospital Cafe B,SKU012,S007,209,5.71,1193.39,0
PO00812,2025-03-07,Stadium Location D,SKU009,S003,72,4.01,288.72,0
PO00813,2025-03-07,Stadium Location D,SKU008,S005,98,3.08,301.84,0
PO00814,2025-03-07,University Dining A,SKU008,S005,212,3.28,695.36,0
PO00815,2025-03-07,University Dining A,SKU002,S002,13,8.6,111.8,0
PO00816,2025-03-07,Corporate HQ C,SKU011,S007,182,4.27,777.14,0
PO00817,2025-03-08,Stadium Location D,SKU004,S004,114,14.18,1616.52,0
PO00818,2025-03-08,University Dining A,SKU011,S007,67,4.81,322.27,0
PO00819,2025-03-08,Hospital Cafe B,SKU005,S001,100,3.55,355.0,1
PO00820,2025-03-08,Corporate HQ C,SKU006,S006,174,1.94,337.56,0
PO00821,2025-03-08,Hospital Cafe B,SKU005,S006,155,2.13,330.15,0
PO00822,2025-03-08,Corporate HQ C,SKU008,S005,206,2.91,599.46,0
PO00823,2025-03-08,University Dining A,SKU003,S003,82,5.45,446.9,0
PO00824,2025-03-08,Hospital Cafe B,SKU006,S006,73,2.59,189.07,0
PO00825,2025-03-09,Hospital Cafe B,SKU011,S007,125,4.39,548.75,0
PO00826,2025-03-09,Corporate HQ C,SKU010,S001,198,3.53,698.94,0
PO00827,2025-03-09,Stadium Location D,SKU001,S002,56,10.44,584.64,0
PO00828,2025-03-09,University Dining A,SKU003,S003,86,5.15,442.9,0
PO00829,2025-03-09,Hospital Cafe B,SKU002,S002,12,7.81,93.72,0
PO00830,2025-03-09,Stadium Location D,SKU005,S001,53,2.94,155.82,1
PO00831,2025-03-09,Corporate HQ C,SKU011,S007,116,4.28,496.48,0
PO00832,2025-03-09,Stadium Location D,SKU011,S007,193,4.57,882.01,0
PO00833,2025-03-09,Remote Campus E,SKU006,S006,18,1.97,35.46,0
PO00834,2025-03-09,University Dining A,SKU004,S004,170,13.18,2240.6,0
PO00835,2025-03-09,University Dining A,SKU001,S008,188,15.73,2957.24,1
PO00836,2025-03-09,University Dining A,SKU012,S007,91,8.73,794.43,0
PO00837,2025-03-09,Hospital Cafe B,SKU002,S002,134,9.1,1219.4,0
PO00838,2025-03-10,Remote Campus E,SKU007,S001,47,5.16,242.52,1
PO00839,2025-03-10,Corporate HQ C,SKU009,S003,145,2.79,404.55,0
PO00840,2025-03-10,Corporate HQ C,SKU008,S005,29,3.59,104.11,0
PO00841,2025-03-10,University Dining A,SKU004,S004,67,13.97,935.99,0
PO00842,2025-03-10,Hospital Cafe B,SKU005,S006,21,2.67,56.07,0
PO00843,2025-03-10,Corporate HQ C,SKU009,S003,102,4.2,428.4,0
PO00844,2025-03-10,Remote Campus E,SKU001,S002,82,12.52,1026.64,0
PO00845,2025-03-10,Corporate HQ C,SKU006,S006,200,1.96,392.0,0
PO00846,2025-03-10,Hospital Cafe B,SKU007,S005,108,3.69,398.52,0
PO00847,2025-03-10,Hospital Cafe B,SKU007,S005,215,3.78,812.7,0
PO00848,2025-03-10,Remote Campus E,SKU011,S007,75,5.71,428.25,0
PO00849,2025-03-10,Hospital Cafe B,SKU012,S007,71,6.08,431.68,0
PO00850,2025-03-10,University Dining A,SKU011,S007,168,5.22,876.96,0
PO00851,2025-03-10,Stadium Location D,SKU012,S007,93,7.97,741.21,0
PO00852,2025-03-10,Remote Campus E,SKU009,S003,126,2.84,357.84,0
PO00853,2025-03-10,Remote Campus E,SKU001,S002,130,10.93,1420.9,0
PO00854,2025-03-11,Hospital Cafe B,SKU010,S001,107,2.38,254.66,0
PO00855,2025-03-11,Corporate HQ C,SKU011,S007,106,4.69,497.14,0
PO00856,2025-03-11,Remote Campus E,SKU012,S007,78,8.77,684.06,0
PO00857,2025-03-11,University Dining A,SKU011,S007,92,3.85,354.2,0
PO00858,2025-03-11,Hospital Cafe B,SKU011,S007,180,4.65,837.0,0
PO00859,2025-03-11,Stadium Location D,SKU010,S001,77,2.44,187.88,0
PO00860,2025-03-11,Stadium Location D,SKU012,S007,160,6.18,988.8,0
PO00861,2025-03-11,University Dining A,SKU010,S001,46,2.87,132.02,0
PO00862,2025-03-11,Remote Campus E,SKU009,S003,62,2.93,181.66,0
PO00863,2025-03-11,Hospital Cafe B,SKU003,S003,71,5.0,355.0,0
PO00864,2025-03-11,Hospital Cafe B,SKU003,S003,127,5.33,676.91,0
PO00865,2025-03-11,University Dining A,SKU011,S007,176,4.6,809.6,0
PO00866,2025-03-11,Stadium Location D,SKU006,S006,219,2.11,462.09,0
PO00867,2025-03-12,Corporate HQ C,SKU007,S001,103,4.63,476.89,1
PO00868,2025-03-12,Corporate HQ C,SKU011,S007,143,4.12,589.16,0
PO00869,2025-03-12,Stadium Location D,SKU008,S005,80,2.69,215.2,0
PO00870,2025-03-12,Stadium Location D,SKU005,S006,125,2.26,282.5,0
PO00871,2025-03-12,Remote Campus E,SKU012,S007,204,5.76,1175.04,0
PO00872,2025-03-12,Remote Campus E,SKU003,S003,135,6.04,815.4,0
PO00873,2025-03-12,Remote Campus E,SKU011,S007,104,4.28,445.12,0
PO00874,2025-03-12,University Dining A,SKU006,S006,74,1.87,138.38,0
PO00875,2025-03-12,Corporate HQ C,SKU009,S003,156,2.58,402.48,0
PO00876,2025-03-13,Remote Campus E,SKU010,S001,193,2.41,465.13,0
PO00877,2025-03-13,Stadium Location D,SKU005,S006,77,2.08,160.16,0
PO00878,2025-03-13,University Dining A,SKU002,S002,136,9.36,1272.96,0
PO00879,2025-03-13,Corporate HQ C,SKU004,S004,212,13.73,2910.76,0
PO00880,2025-03-13,Stadium Location D,SKU010,S001,21,2.31,48.51,0
PO00881,2025-03-13,Stadium Location D,SKU007,S005,85,3.15,267.75,0
PO00882,2025-03-13,Hospital Cafe B,SKU007,S005,100,3.6,360.0,0
PO00883,2025-03-13,Hospital Cafe B,SKU007,S005,168,3.41,572.88,0
PO00884,2025-03-14,University Dining A,SKU006,S006,28,2.49,69.72,0
PO00885,2025-03-14,Stadium Location D,SKU008,S005,144,3.37,485.28,0
PO00886,2025-03-14,University Dining A,SKU008,S005,174,3.59,624.66,0
PO00887,2025-03-14,Stadium Location D,SKU002,S002,128,7.65,979.2,0
PO00888,2025-03-14,Stadium Location D,SKU012,S007,116,5.43,629.88,0
PO00889,2025-03-14,Stadium Location D,SKU003,S003,122,4.45,542.9,0
PO00890,2025-03-14,University Dining A,SKU008,S005,202,3.32,670.64,0
PO00891,2025-03-14,Stadium Location D,SKU011,S007,61,4.4,268.4,0
PO00892,2025-03-14,Corporate HQ C,SKU009,S003,151,3.8,573.8,0
PO00893,2025-03-14,University Dining A,SKU007,S005,66,3.1,204.6,0
PO00894,2025-03-14,Stadium Location D,SKU010,S001,36,2.6,93.6,0
PO00895,2025-03-14,Remote Campus E,SKU002,S002,65,8.35,542.75,0
PO00896,2025-03-14,Corporate HQ C,SKU008,S005,192,4.4,844.8,0
PO00897,2025-03-14,Stadium Location D,SKU008,S005,150,3.5,525.0,0
PO00898,2025-03-14,University Dining A,SKU010,S001,114,2.27,258.78,0
PO00899,2025-03-14,Hospital Cafe B,SKU011,S007,95,4.09,388.55,0
PO00900,2025-03-14,Remote Campus E,SKU009,S003,57,3.34,190.38,0
PO00901,2025-03-15,Stadium Location D,SKU009,S003,90,2.7,243.0,0
PO00902,2025-03-15,Remote Campus E,SKU005,S006,111,2.07,229.77,0
PO00903,2025-03-15,Stadium Location D,SKU007,S005,73,3.11,227.03,0
PO00904,2025-03-15,Hospital Cafe B,SKU007,S005,61,3.26,198.86,0
PO00905,2025-03-15,Stadium Location D,SKU001,S008,178,18.6,3310.8,1
PO00906,2025-03-15,Corporate HQ C,SKU012,S007,103,6.11,629.33,0
PO00907,2025-03-15,Remote Campus E,SKU004,S004,190,13.96,2652.4,0
PO00908,2025-03-15,University Dining A,SKU011,S007,146,5.74,838.04,0
PO00909,2025-03-15,Corporate HQ C,SKU007,S005,19,2.91,55.29,0
PO00910,2025-03-15,Hospital Cafe B,SKU004,S004,84,13.68,1149.12,0
PO00911,2025-03-15,Remote Campus E,SKU012,S007,161,6.45,1038.45,0
PO00912,2025-03-15,Stadium Location D,SKU008,S005,196,3.46,678.16,0
PO00913,2025-03-16,University Dining A,SKU004,S004,173,17.64,3051.72,0
PO00914,2025-03-16,Hospital Cafe B,SKU001,S008,137,18.12,2482.44,1
PO00915,2025-03-16,Hospital Cafe B,SKU001,S002,214,9.49,2030.86,0
PO00916,2025-03-16,Corporate HQ C,SKU008,S005,194,3.18,616.92,0
PO00917,2025-03-16,Hospital Cafe B,SKU004,S004,50,12.11,605.5,0
PO00918,2025-03-16,Stadium Location D,SKU012,S007,35,5.63,197.05,0
PO00919,2025-03-16,University Dining A,SKU002,S002,33,8.54,281.82,0
PO00920,2025-03-16,Stadium Location D,SKU007,S001,123,5.47,672.81,1
PO00921,2025-03-16,Hospital Cafe B,SKU003,S003,188,5.46,1026.48,0
PO00922,2025-03-16,Remote Campus E,SKU001,S008,69,16.9,1166.1,1
PO00923,2025-03-16,Hospital Cafe B,SKU006,S006,194,2.16,419.04,0
PO00924,2025-03-17,Hospital Cafe B,SKU005,S006,48,2.11,101.28,0
PO00925,2025-03-17,Corporate HQ C,SKU007,S005,49,3.11,152.39,0
PO00926,2025-03-17,University Dining A,SKU004,S004,187,12.71,2376.77,0
PO00927,2025-03-17,Hospital Cafe B,SKU004,S004,196,12.37,2424.52,0
PO00928,2025-03-17,Corporate HQ C,SKU007,S005,19,3.3,62.7,0
PO00929,2025-03-17,Remote Campus E,SKU002,S002,63,8.72,549.36,0
PO00930,2025-03-17,Stadium Location D,SKU009,S003,14,3.8,53.2,0
PO00931,2025-03-17,Corporate HQ C,SKU002,S002,81,8.57,694.17,0
PO00932,2025-03-17,University Dining A,SKU010,S001,203,2.5,507.5,0
PO00933,2025-03-17,Hospital Cafe B,SKU004,S004,79,13.25,1046.75,0
PO00934,2025-03-17,Remote Campus E,SKU010,S001,18,2.33,41.94,0
PO00935,2025-03-17,Corporate HQ C,SKU010,S001,10,2.8,28.0,0
PO00936,2025-03-18,Hospital Cafe B,SKU003,S003,22,5.57,122.54,0
PO00937,2025-03-18,Hospital Cafe B,SKU006,S006,133,1.82,242.06,0
PO00938,2025-03-18,University Dining A,SKU006,S006,55,1.82,100.1,0
PO00939,2025-03-18,University Dining A,SKU005,S006,126,2.06,259.56,0
PO00940,2025-03-18,Hospital Cafe B,SKU012,S007,211,5.78,1219.58,0
PO00941,2025-03-18,University Dining A,SKU010,S001,19,2.71,51.49,0
PO00942,2025-03-18,Hospital Cafe B,SKU001,S002,175,10.56,1848.0,0
PO00943,2025-03-18,Hospital Cafe B,SKU007,S005,105,3.57,374.85,0
PO00944,2025-03-18,Corporate HQ C,SKU006,S006,33,2.12,69.96,0
PO00945,2025-03-18,Corporate HQ C,SKU001,S002,132,10.63,1403.16,0
PO00946,2025-03-18,Hospital Cafe B,SKU003,S003,37,5.44,201.28,0
PO00947,2025-03-19,Remote Campus E,SKU003,S003,147,5.33,783.51,0
PO00948,2025-03-19,Hospital Cafe B,SKU002,S002,72,8.37,602.64,0
PO00949,2025-03-19,Corporate HQ C,SKU010,S001,139,2.14,297.46,0
PO00950,2025-03-19,Stadium Location D,SKU006,S006,82,1.94,159.08,0
PO00951,2025-03-19,Hospital Cafe B,SKU009,S003,42,3.17,133.14,0
PO00952,2025-03-19,Hospital Cafe B,SKU012,S007,138,5.53,763.14,0
PO00953,2025-03-19,Remote Campus E,SKU002,S002,135,12.37,1669.95,0
PO00954,2025-03-19,University Dining A,SKU004,S004,68,14.45,982.6,0
PO00955,2025-03-19,University Dining A,SKU003,S003,77,5.18,398.86,0
PO00956,2025-03-20,University Dining A,SKU007,S005,155,3.17,491.35,0
PO00957,2025-03-20,Hospital Cafe B,SKU002,S002,65,9.47,615.55,0
PO00958,2025-03-20,Remote Campus E,SKU004,S004,210,14.04,2948.4,0
PO00959,2025-03-20,Hospital Cafe B,SKU012,S007,220,6.11,1344.2,0
PO00960,2025-03-20,University Dining A,SKU002,S002,35,8.08,282.8,0
PO00961,2025-03-20,Hospital Cafe B,SKU004,S004,187,13.91,2601.17,0
PO00962,2025-03-20,Remote Campus E,SKU005,S006,128,2.23,285.44,0
PO00963,2025-03-20,Stadium Location D,SKU003,S003,115,8.1,931.5,0
PO00964,2025-03-20,Hospital Cafe B,SKU001,S008,140,15.6,2184.0,1
PO00965,2025-03-20,Hospital Cafe B,SKU003,S003,207,5.6,1159.2,0
PO00966,2025-03-20,Corporate HQ C,SKU004,S004,66,13.57,895.62,0
PO00967,2025-03-20,Stadium Location D,SKU012,S007,10,6.08,60.8,0
PO00968,2025-03-20,Remote Campus E,SKU001,S002,27,8.91,240.57,0
PO00969,2025-03-20,Corporate HQ C,SKU011,S007,22,6.96,153.12,0
PO00970,2025-03-21,Remote Campus E,SKU002,S002,99,8.89,880.11,0
PO00971,2025-03-21,Stadium Location D,SKU003,S003,136,4.99,678.64,0
PO00972,2025-03-21,Corporate HQ C,SKU003,S003,187,4.84,905.08,0
PO00973,2025-03-21,Remote Campus E,SKU001,S002,215,9.74,2094.1,0
PO00974,2025-03-21,Remote Campus E,SKU003,S003,173,4.66,806.18,0
PO00975,2025-03-21,University Dining A,SKU005,S006,177,2.22,392.94,0
PO00976,2025-03-21,Corporate HQ C,SKU002,S002,211,8.64,1823.04,0
PO00977,2025-03-21,Stadium Location D,SKU004,S004,160,12.4,1984.0,0
PO00978,2025-03-21,Remote Campus E,SKU009,S003,136,2.79,379.44,0
PO00979,2025-03-21,Stadium Location D,SKU011,S007,22,4.91,108.02,0
PO00980,2025-03-21,Corporate HQ C,SKU011,S007,213,4.91,1045.83,0
PO00981,2025-03-21,Corporate HQ C,SKU007,S005,177,3.55,628.35,0
PO00982,2025-03-21,Corporate HQ C,SKU011,S007,119,4.48,533.12,0
PO00983,2025-03-21,Stadium Location D,SKU001,S002,38,9.53,362.14,0
PO00984,2025-03-22,Remote Campus E,SKU007,S005,95,3.2,304.0,0
PO00985,2025-03-22,Stadium Location D,SKU004,S004,110,14.01,1541.1,0
PO00986,2025-03-22,Hospital Cafe B,SKU010,S001,79,3.65,288.35,0
PO00987,2025-03-22,Remote Campus E,SKU012,S007,114,6.4,729.6,0
PO00988,2025-03-22,University Dining A,SKU004,S004,184,15.04,2767.36,0
PO00989,2025-03-22,Corporate HQ C,SKU007,S005,79,3.64,287.56,0
PO00990,2025-03-22,Corporate HQ C,SKU003,S003,67,4.5,301.5,0
PO00991,2025-03-22,Corporate HQ C,SKU010,S001,110,2.43,267.3,0
PO00992,2025-03-22,Remote Campus E,SKU008,S005,139,3.09,429.51,0
PO00993,2025-03-22,Stadium Location D,SKU004,S004,51,14.69,749.19,0
PO00994,2025-03-22,Hospital Cafe B,SKU009,S003,36,4.48,161.28,0
PO00995,2025-03-22,Corporate HQ C,SKU008,S005,178,3.03,539.34,0
PO00996,2025-03-22,Remote Campus E,SKU012,S007,35,5.79,202.65,0
PO00997,2025-03-22,Stadium Location D,SKU012,S007,141,6.02,848.82,0
PO00998,2025-03-23,Corporate HQ C,SKU005,S006,123,2.94,361.62,0
PO00999,2025-03-23,Stadium Location D,SKU005,S006,171,2.06,352.26,0
PO01000,2025-03-23,Stadium Location D,SKU009,S003,25,2.63,65.75,0
PO01001,2025-03-23,University Dining A,SKU008,S005,14,3.41,47.74,0
PO01002,2025-03-23,Stadium Location D,SKU011,S007,106,4.21,446.26,0
PO01003,2025-03-23,Remote Campus E,SKU005,S006,196,2.35,460.6,0
PO01004,2025-03-23,Stadium Location D,SKU012,S007,93,5.81,540.33,0
PO01005,2025-03-23,Hospital Cafe B,SKU003,S003,79,8.08,638.32,0
PO01006,2025-03-23,Remote Campus E,SKU004,S004,157,15.0,2355.0,0
PO01007,2025-03-23,Corporate HQ C,SKU001,S002,160,9.28,1484.8,0
PO01008,2025-03-24,University Dining A,SKU004,S004,149,12.54,1868.46,0
PO01009,2025-03-24,Stadium Location D,SKU007,S005,31,3.41,105.71,0
PO01010,2025-03-24,Corporate HQ C,SKU008,S005,191,2.94,561.54,0
PO01011,2025-03-24,Hospital Cafe B,SKU012,S007,92,5.44,500.48,0
PO01012,2025-03-24,Remote Campus E,SKU010,S001,22,2.45,53.9,0
PO01013,2025-03-24,Remote Campus E,SKU006,S006,61,1.98,120.78,0
PO01014,2025-03-24,Remote Campus E,SKU001,S008,23,15.67,360.41,1
PO01015,2025-03-24,Hospital Cafe B,SKU005,S006,102,2.1,214.2,0
PO01016,2025-03-24,Remote Campus E,SKU005,S006,60,2.26,135.6,0
PO01017,2025-03-24,University Dining A,SKU006,S006,113,2.16,244.08,0
PO01018,2025-03-24,Corporate HQ C,SKU011,S007,110,3.84,422.4,0
PO01019,2025-03-24,Hospital Cafe B,SKU007,S005,38,3.63,137.94,0
PO01020,2025-03-24,Hospital Cafe B,SKU010,S001,114,2.64,300.96,0
PO01021,2025-03-24,Stadium Location D,SKU006,S006,147,2.33,342.51,0
PO01022,2025-03-24,Stadium Location D,SKU011,S007,181,4.02,727.62,0
PO01023,2025-03-24,Stadium Location D,SKU002,S002,102,8.72,889.44,0
PO01024,2025-03-24,University Dining A,SKU009,S003,171,2.69,459.99,0
PO01025,2025-03-24,Remote Campus E,SKU005,S006,188,2.98,560.24,0
PO01026,2025-03-25,Corporate HQ C,SKU006,S006,102,2.09,213.18,0
PO01027,2025-03-25,University Dining A,SKU004,S004,150,13.0,1950.0,0
PO01028,2025-03-25,University Dining A,SKU010,S001,115,2.5,287.5,0
PO01029,2025-03-25,University Dining A,SKU005,S001,172,4.18,718.96,1
PO01030,2025-03-25,Corporate HQ C,SKU007,S005,200,3.52,704.0,0
PO01031,2025-03-25,Hospital Cafe B,SKU007,S005,99,3.75,371.25,0
PO01032,2025-03-25,Remote Campus E,SKU012,S007,146,6.53,953.38,0
PO01033,2025-03-25,Hospital Cafe B,SKU007,S005,44,3.36,147.84,0
PO01034,2025-03-25,University Dining A,SKU006,S006,115,1.92,220.8,0
PO01035,2025-03-25,Remote Campus E,SKU009,S003,70,4.35,304.5,0
PO01036,2025-03-25,Hospital Cafe B,SKU007,S005,80,3.46,276.8,0
PO01037,2025-03-25,Hospital Cafe B,SKU003,S003,203,5.32,1079.96,0
PO01038,2025-03-26,Stadium Location D,SKU002,S002,18,7.73,139.14,0
PO01039,2025-03-26,University Dining A,SKU005,S001,80,3.9,312.0,1
PO01040,2025-03-26,Corporate HQ C,SKU010,S001,140,2.32,324.8,0
PO01041,2025-03-26,Corporate HQ C,SKU010,S001,67,2.38,159.46,0
PO01042,2025-03-26,University Dining A,SKU002,S002,155,7.57,1173.35,0
PO01043,2025-03-26,Corporate HQ C,SKU006,S006,41,2.58,105.78,0
PO01044,2025-03-26,Stadium Location D,SKU004,S004,45,18.82,846.9,0
PO01045,2025-03-26,Remote Campus E,SKU005,S006,161,1.91,307.51,0
PO01046,2025-03-26,Remote Campus E,SKU010,S001,20,2.3,46.0,0
PO01047,2025-03-26,Corporate HQ C,SKU008,S005,67,3.17,212.39,0
PO01048,2025-03-26,Remote Campus E,SKU011,S007,94,4.09,384.46,0
PO01049,2025-03-26,Hospital Cafe B,SKU010,S001,152,2.23,338.96,0
PO01050,2025-03-26,University Dining A,SKU005,S006,147,2.02,296.94,0
PO01051,2025-03-26,Remote Campus E,SKU004,S004,17,11.93,202.81,0
PO01052,2025-03-26,University Dining A,SKU005,S006,195,3.13,610.35,0
PO01053,2025-03-26,Remote Campus E,SKU010,S001,109,2.28,248.52,0
PO01054,2025-03-27,Corporate HQ C,SKU007,S001,146,5.88,858.48,1
PO01055,2025-03-27,Stadium Location D,SKU011,S007,28,4.86,136.08,0
PO01056,2025-03-27,Remote Campus E,SKU010,S001,126,2.24,282.24,0
PO01057,2025-03-27,Hospital Cafe B,SKU008,S005,167,3.2,534.4,0
PO01058,2025-03-27,Hospital Cafe B,SKU002,S002,82,8.13,666.66,0
PO01059,2025-03-27,University Dining A,SKU002,S002,142,7.7,1093.4,0
PO01060,2025-03-27,Hospital Cafe B,SKU008,S005,212,3.11,659.32,0
PO01061,2025-03-27,Remote Campus E,SKU005,S001,15,3.82,57.3,1
PO01062,2025-03-27,University Dining A,SKU012,S007,116,7.83,908.28,0
PO01063,2025-03-27,Remote Campus E,SKU011,S007,171,4.89,836.19,0
PO01064,2025-03-27,Corporate HQ C,SKU005,S006,154,1.98,304.92,0
PO01065,2025-03-27,Hospital Cafe B,SKU006,S006,21,1.9,39.9,0
PO01066,2025-03-27,Stadium Location D,SKU012,S007,17,6.0,102.0,0
PO01067,2025-03-27,Corporate HQ C,SKU002,S002,49,9.22,451.78,0
PO01068,2025-03-27,Corporate HQ C,SKU008,S005,31,2.59,80.29,0
PO01069,2025-03-27,Hospital Cafe B,SKU006,S006,220,2.15,473.0,0
PO01070,2025-03-27,Remote Campus E,SKU002,S002,74,8.34,617.16,0
PO01071,2025-03-28,University Dining A,SKU004,S004,178,14.98,2666.44,0
PO01072,2025-03-28,Remote Campus E,SKU004,S004,218,12.95,2823.1,0
PO01073,2025-03-28,Stadium Location D,SKU007,S005,51,3.08,157.08,0
PO01074,2025-03-28,Hospital Cafe B,SKU003,S003,38,5.17,196.46,0
PO01075,2025-03-28,University Dining A,SKU012,S007,107,6.29,673.03,0
PO01076,2025-03-28,Stadium Location D,SKU001,S002,32,9.81,313.92,0
PO01077,2025-03-28,Remote Campus E,SKU001,S008,96,15.4,1478.4,1
PO01078,2025-03-28,Hospital Cafe B,SKU009,S003,134,2.93,392.62,0
PO01079,2025-03-28,University Dining A,SKU001,S008,36,14.07,506.52,1
PO01080,2025-03-28,Stadium Location D,SKU010,S001,61,2.28,139.08,0
PO01081,2025-03-28,Stadium Location D,SKU008,S005,172,2.91,500.52,0
PO01082,2025-03-28,University Dining A,SKU002,S002,194,7.24,1404.56,0
PO01083,2025-03-28,Hospital Cafe B,SKU008,S005,176,2.88,506.88,0
PO01084,2025-03-28,Stadium Location D,SKU012,S007,187,5.33,996.71,0
PO01085,2025-03-29,Remote Campus E,SKU003,S003,137,4.91,672.67,0
PO01086,2025-03-29,University Dining A,SKU007,S001,68,5.63,382.84,1
PO01087,2025-03-29,University Dining A,SKU007,S005,67,3.21,215.07,0
PO01088,2025-03-29,University Dining A,SKU004,S004,61,11.85,722.85,0
PO01089,2025-03-29,University Dining A,SKU001,S002,66,9.65,636.9,0
PO01090,2025-03-29,Corporate HQ C,SKU009,S003,115,2.99,343.85,0
PO01091,2025-03-29,University Dining A,SKU001,S008,36,16.82,605.52,1
PO01092,2025-03-29,Hospital Cafe B,SKU003,S003,145,5.2,754.0,0
PO01093,2025-03-29,Remote Campus E,SKU010,S001,37,2.59,95.83,0
PO01094,2025-03-29,University Dining A,SKU007,S005,152,5.11,776.72,0
PO01095,2025-03-29,Remote Campus E,SKU009,S003,166,3.08,511.28,0
PO01096,2025-03-29,Remote Campus E,SKU009,S003,149,3.69,549.81,0
PO01097,2025-03-29,Hospital Cafe B,SKU005,S006,153,2.11,322.83,0
PO01098,2025-03-29,Hospital Cafe B,SKU001,S008,191,14.55,2779.05,1
PO01099,2025-03-29,Remote Campus E,SKU011,S007,38,5.05,191.9,0
PO01100,2025-03-29,University Dining A,SKU002,S002,100,9.47,947.0,0
PO01101,2025-03-29,University Dining A,SKU002,S002,35,9.46,331.1,0
PO01102,2025-03-30,Stadium Location D,SKU005,S006,47,1.77,83.19,0
PO01103,2025-03-30,Hospital Cafe B,SKU010,S001,95,2.43,230.85,0
PO01104,2025-03-30,Remote Campus E,SKU001,S008,187,11.4,2131.8,1
PO01105,2025-03-30,Stadium Location D,SKU004,S004,126,14.15,1782.9,0
PO01106,2025-03-30,University Dining A,SKU010,S001,63,2.48,156.24,0
PO01107,2025-03-30,Hospital Cafe B,SKU001,S002,17,9.82,166.94,0
PO01108,2025-03-30,Stadium Location D,SKU007,S005,85,4.57,388.45,0
PO01109,2025-03-30,Corporate HQ C,SKU005,S006,86,2.38,204.68,0
PO01110,2025-03-30,Hospital Cafe B,SKU001,S002,123,9.56,1175.88,0
PO01111,2025-03-30,Remote Campus E,SKU011,S007,131,4.9,641.9,0
PO01112,2025-03-30,University Dining A,SKU006,S006,73,2.04,148.92,0
PO01113,2025-03-30,Corporate HQ C,SKU007,S005,149,3.39,505.11,0
PO01114,2025-03-30,Corporate HQ C,SKU006,S006,71,2.91,206.61,0
PO01115,2025-03-31,Corporate HQ C,SKU009,S003,19,2.8,53.2,0
PO01116,2025-03-31,University Dining A,SKU007,S005,147,3.02,443.94,0
PO01117,2025-03-31,University Dining A,SKU008,S005,145,3.37,488.65,0
PO01118,2025-03-31,Stadium Location D,SKU011,S007,72,4.78,344.16,0
PO01119,2025-03-31,University Dining A,SKU009,S003,171,2.75,470.25,0
PO01120,2025-03-31,University Dining A,SKU011,S007,83,4.79,397.57,0
PO01121,2025-03-31,University Dining A,SKU012,S007,193,6.17,1190.81,0
PO01122,2025-03-31,Hospital Cafe B,SKU003,S003,167,4.64,774.88,0
PO01123,2025-03-31,Stadium Location D,SKU012,S007,82,5.7,467.4,0
